t,,,,O,[
04/19,2,cȂ,1,b,530
04/19,2,cȂ,2,ގq,366
04/19,2,cȂ,3,՗t,87
04/19,2,cȂ,4,C,70
04/19,2,cȂ,5,,63
04/19,2,cȂ,6,Gi,52
04/19,2,cȂ,7,,43
04/19,2,cȂ,8,ޏ,35
04/19,2,cȂ,9,ёq,31
04/19,2,cȂ,10,u,30
04/19,3,cȂ,1,b,545
04/19,3,cȂ,2,ގq,388
04/19,3,cȂ,3,՗t,88
04/19,3,cȂ,4,C,70
04/19,3,cȂ,5,,65
04/19,3,cȂ,6,Gi,53
04/19,3,cȂ,7,,45
04/19,3,cȂ,8,ޏ,35
04/19,3,cȂ,9,ёq,31
04/19,3,cȂ,10,u,30
04/19,4,cȂ,1,b,555
04/19,4,cȂ,2,ގq,411
04/19,4,cȂ,3,՗t,90
04/19,4,cȂ,4,C,72
04/19,4,cȂ,5,,65
04/19,4,cȂ,6,Gi,53
04/19,4,cȂ,7,,46
04/19,4,cȂ,8,ޏ,35
04/19,4,cȂ,9,ёq,31
04/19,4,cȂ,10,Í,31
04/19,5,cȂ,1,b,576
04/19,5,cȂ,2,ގq,431
04/19,5,cȂ,3,՗t,90
04/19,5,cȂ,4,C,73
04/19,5,cȂ,5,,66
04/19,5,cȂ,6,Gi,53
04/19,5,cȂ,7,,46
04/19,5,cȂ,8,ޏ,35
04/19,5,cȂ,9,ёq,31
04/19,5,cȂ,10,Í,31
04/19,6,cȂ,1,b,592
04/19,6,cȂ,2,ގq,435
04/19,6,cȂ,3,՗t,94
04/19,6,cȂ,4,C,73
04/19,6,cȂ,5,,68
04/19,6,cȂ,6,Gi,53
04/19,6,cȂ,7,,46
04/19,6,cȂ,8,ޏ,35
04/19,6,cȂ,9,ёq,31
04/19,6,cȂ,10,Í,31
04/19,7,cȂ,1,b,613
04/19,7,cȂ,2,ގq,447
04/19,7,cȂ,3,՗t,95
04/19,7,cȂ,4,C,76
04/19,7,cȂ,5,,72
04/19,7,cȂ,6,Gi,53
04/19,7,cȂ,7,,46
04/19,7,cȂ,8,ޏ,37
04/19,7,cȂ,9,Í,32
04/19,7,cȂ,10,u,32
04/19,8,cȂ,1,b,664
04/19,8,cȂ,2,ގq,475
04/19,8,cȂ,3,՗t,97
04/19,8,cȂ,4,,79
04/19,8,cȂ,5,C,78
04/19,8,cȂ,6,Gi,53
04/19,8,cȂ,7,,46
04/19,8,cȂ,8,ޏ,37
04/19,8,cȂ,9,ёq,34
04/19,8,cȂ,10,Í,32
04/19,9,cȂ,1,b,678
04/19,9,cȂ,2,ގq,497
04/19,9,cȂ,3,՗t,98
04/19,9,cȂ,4,,82
04/19,9,cȂ,5,C,78
04/19,9,cȂ,6,Gi,54
04/19,9,cȂ,7,,46
04/19,9,cȂ,8,ޏ,37
04/19,9,cȂ,9,ёq,35
04/19,9,cȂ,10,Í,33
04/19,10,cȂ,1,b,703
04/19,10,cȂ,2,ގq,511
04/19,10,cȂ,3,՗t,104
04/19,10,cȂ,4,,83
04/19,10,cȂ,5,C,79
04/19,10,cȂ,6,Gi,54
04/19,10,cȂ,7,,46
04/19,10,cȂ,8,ޏ,38
04/19,10,cȂ,9,ёq,35
04/19,10,cȂ,10,u,34
04/19,11,cȂ,1,b,721
04/19,11,cȂ,2,ގq,564
04/19,11,cȂ,3,՗t,104
04/19,11,cȂ,4,,83
04/19,11,cȂ,5,C,81
04/19,11,cȂ,6,Gi,54
04/19,11,cȂ,7,,46
04/19,11,cȂ,8,ޏ,39
04/19,11,cȂ,9,ёq,35
04/19,11,cȂ,10,u,34
04/19,12,cȂ,1,b,739
04/19,12,cȂ,2,ގq,593
04/19,12,cȂ,3,՗t,105
04/19,12,cȂ,4,,83
04/19,12,cȂ,5,C,81
04/19,12,cȂ,6,Gi,54
04/19,12,cȂ,7,,47
04/19,12,cȂ,8,ޏ,39
04/19,12,cȂ,9,Í,36
04/19,12,cȂ,10,ёq,35
04/19,13,cȂ,1,b,787
04/19,13,cȂ,2,ގq,630
04/19,13,cȂ,3,՗t,109
04/19,13,cȂ,4,,84
04/19,13,cȂ,5,C,81
04/19,13,cȂ,6,Gi,54
04/19,13,cȂ,7,,47
04/19,13,cȂ,8,ޏ,39
04/19,13,cȂ,9,Í,37
04/19,13,cȂ,10,u,36
04/19,14,cȂ,1,b,823
04/19,14,cȂ,2,ގq,655
04/19,14,cȂ,3,՗t,109
04/19,14,cȂ,4,,84
04/19,14,cȂ,5,C,81
04/19,14,cȂ,6,Gi,54
04/19,14,cȂ,7,,47
04/19,14,cȂ,8,Í,40
04/19,14,cȂ,9,ޏ,39
04/19,14,cȂ,10,u,36
04/19,15,cȂ,1,b,837
04/19,15,cȂ,2,ގq,685
04/19,15,cȂ,3,՗t,110
04/19,15,cȂ,4,,84
04/19,15,cȂ,5,C,81
04/19,15,cȂ,6,Gi,54
04/19,15,cȂ,7,,47
04/19,15,cȂ,8,Í,40
04/19,15,cȂ,9,u,40
04/19,15,cȂ,10,ޏ,39
04/19,16,cȂ,1,b,846
04/19,16,cȂ,2,ގq,690
04/19,16,cȂ,3,՗t,110
04/19,16,cȂ,4,,87
04/19,16,cȂ,5,C,81
04/19,16,cȂ,6,Gi,54
04/19,16,cȂ,7,,47
04/19,16,cȂ,8,Í,42
04/19,16,cȂ,9,u,41
04/19,16,cȂ,10,ޏ,40
04/19,17,cȂ,1,b,853
04/19,17,cȂ,2,ގq,704
04/19,17,cȂ,3,՗t,111
04/19,17,cȂ,4,,87
04/19,17,cȂ,5,C,83
04/19,17,cȂ,6,Gi,54
04/19,17,cȂ,7,,47
04/19,17,cȂ,8,Í,42
04/19,17,cȂ,9,u,41
04/19,17,cȂ,10,ޏ,40
04/19,18,cȂ,1,b,865
04/19,18,cȂ,2,ގq,724
04/19,18,cȂ,3,՗t,112
04/19,18,cȂ,4,,87
04/19,18,cȂ,5,C,85
04/19,18,cȂ,6,Gi,54
04/19,18,cȂ,7,,47
04/19,18,cȂ,8,Í,43
04/19,18,cȂ,9,u,41
04/19,18,cȂ,10,ޏ,40
04/19,19,cȂ,1,b,886
04/19,19,cȂ,2,ގq,745
04/19,19,cȂ,3,՗t,114
04/19,19,cȂ,4,,89
04/19,19,cȂ,5,C,85
04/19,19,cȂ,6,Gi,54
04/19,19,cȂ,7,,49
04/19,19,cȂ,8,Í,44
04/19,19,cȂ,9,u,41
04/19,19,cȂ,10,ޏ,40
04/19,20,cȂ,1,b,904
04/19,20,cȂ,2,ގq,769
04/19,20,cȂ,3,՗t,114
04/19,20,cȂ,4,,89
04/19,20,cȂ,5,C,89
04/19,20,cȂ,6,Gi,54
04/19,20,cȂ,7,,51
04/19,20,cȂ,8,Í,44
04/19,20,cȂ,9,u,42
04/19,20,cȂ,10,ёq,41
04/19,21,cȂ,1,b,920
04/19,21,cȂ,2,ގq,794
04/19,21,cȂ,3,՗t,115
04/19,21,cȂ,4,C,90
04/19,21,cȂ,5,,89
04/19,21,cȂ,6,Gi,54
04/19,21,cȂ,7,,51
04/19,21,cȂ,8,Í,46
04/19,21,cȂ,9,u,43
04/19,21,cȂ,10,ёq,42
04/19,22,cȂ,1,b,966
04/19,22,cȂ,2,ގq,809
04/19,22,cȂ,3,՗t,121
04/19,22,cȂ,4,C,90
04/19,22,cȂ,5,,90
04/19,22,cȂ,6,Gi,60
04/19,22,cȂ,7,,51
04/19,22,cȂ,8,Í,46
04/19,22,cȂ,9,u,43
04/19,22,cȂ,10,ёq,43
04/19,23,cȂ,1,b,995
04/19,23,cȂ,2,ގq,835
04/19,23,cȂ,3,՗t,121
04/19,23,cȂ,4,C,92
04/19,23,cȂ,5,,90
04/19,23,cȂ,6,Gi,60
04/19,23,cȂ,7,,51
04/19,23,cȂ,8,Í,47
04/19,23,cȂ,9,u,44
04/19,23,cȂ,10,ёq,43
04/20,0,cȂ,1,b,1043
04/20,0,cȂ,2,ގq,861
04/20,0,cȂ,3,՗t,122
04/20,0,cȂ,4,C,96
04/20,0,cȂ,5,,94
04/20,0,cȂ,6,Gi,60
04/20,0,cȂ,7,Í,52
04/20,0,cȂ,8,,51
04/20,0,cȂ,9,u,45
04/20,0,cȂ,10,ёq,45
04/20,1,cȂ,1,b,1223
04/20,1,cȂ,2,ގq,1025
04/20,1,cȂ,3,՗t,140
04/20,1,cȂ,4,C,102
04/20,1,cȂ,5,,99
04/20,1,cȂ,6,Gi,60
04/20,1,cȂ,7,Í,59
04/20,1,cȂ,8,,52
04/20,1,cȂ,9,ёq,48
04/20,1,cȂ,10,ޏ,48
04/20,2,cȂ,1,b,1276
04/20,2,cȂ,2,ގq,1095
04/20,2,cȂ,3,՗t,144
04/20,2,cȂ,4,C,111
04/20,2,cȂ,5,,108
04/20,2,cȂ,6,Gi,63
04/20,2,cȂ,7,Í,60
04/20,2,cȂ,8,,53
04/20,2,cȂ,9,ёq,49
04/20,2,cȂ,10,ޏ,49
04/20,3,cȂ,1,b,1306
04/20,3,cȂ,2,ގq,1117
04/20,3,cȂ,3,՗t,145
04/20,3,cȂ,4,C,111
04/20,3,cȂ,5,,109
04/20,3,cȂ,6,Gi,63
04/20,3,cȂ,7,Í,61
04/20,3,cȂ,8,,53
04/20,3,cȂ,9,ёq,49
04/20,3,cȂ,10,ޏ,49
04/20,4,cȂ,1,b,1329
04/20,4,cȂ,2,ގq,1126
04/20,4,cȂ,3,՗t,147
04/20,4,cȂ,4,,113
04/20,4,cȂ,5,C,111
04/20,4,cȂ,6,Gi,63
04/20,4,cȂ,7,Í,61
04/20,4,cȂ,8,,53
04/20,4,cȂ,9,ёq,49
04/20,4,cȂ,10,ޏ,49
04/20,5,cȂ,1,b,1336
04/20,5,cȂ,2,ގq,1127
04/20,5,cȂ,3,՗t,149
04/20,5,cȂ,4,,114
04/20,5,cȂ,5,C,111
04/20,5,cȂ,6,Gi,63
04/20,5,cȂ,7,Í,61
04/20,5,cȂ,8,,53
04/20,5,cȂ,9,ޏ,50
04/20,5,cȂ,10,ёq,49
04/20,6,cȂ,1,b,1349
04/20,6,cȂ,2,ގq,1138
04/20,6,cȂ,3,՗t,149
04/20,6,cȂ,4,,114
04/20,6,cȂ,5,C,111
04/20,6,cȂ,6,Gi,64
04/20,6,cȂ,7,Í,61
04/20,6,cȂ,8,,53
04/20,6,cȂ,9,ޏ,50
04/20,6,cȂ,10,ёq,49
04/20,7,cȂ,1,b,1381
04/20,7,cȂ,2,ގq,1154
04/20,7,cȂ,3,՗t,150
04/20,7,cȂ,4,,117
04/20,7,cȂ,5,C,111
04/20,7,cȂ,6,Gi,64
04/20,7,cȂ,7,Í,64
04/20,7,cȂ,8,,53
04/20,7,cȂ,9,u,51
04/20,7,cȂ,10,ޏ,50
04/20,8,cȂ,1,b,1432
04/20,8,cȂ,2,ގq,1192
04/20,8,cȂ,3,՗t,154
04/20,8,cȂ,4,,121
04/20,8,cȂ,5,C,112
04/20,8,cȂ,6,Í,69
04/20,8,cȂ,7,Gi,64
04/20,8,cȂ,8,,53
04/20,8,cȂ,9,u,52
04/20,8,cȂ,10,ޏ,52
04/20,9,cȂ,1,b,1473
04/20,9,cȂ,2,ގq,1227
04/20,9,cȂ,3,՗t,154
04/20,9,cȂ,4,,121
04/20,9,cȂ,5,C,112
04/20,9,cȂ,6,Í,72
04/20,9,cȂ,7,Gi,64
04/20,9,cȂ,8,,53
04/20,9,cȂ,9,ޏ,53
04/20,9,cȂ,10,u,52
04/20,10,cȂ,1,b,1490
04/20,10,cȂ,2,ގq,1255
04/20,10,cȂ,3,՗t,155
04/20,10,cȂ,4,,122
04/20,10,cȂ,5,C,112
04/20,10,cȂ,6,Í,72
04/20,10,cȂ,7,Gi,65
04/20,10,cȂ,8,,54
04/20,10,cȂ,9,ޏ,53
04/20,10,cȂ,10,u,52
04/20,11,cȂ,1,b,1529
04/20,11,cȂ,2,ގq,1287
04/20,11,cȂ,3,՗t,155
04/20,11,cȂ,4,,122
04/20,11,cȂ,5,C,112
04/20,11,cȂ,6,Í,73
04/20,11,cȂ,7,Gi,65
04/20,11,cȂ,8,,54
04/20,11,cȂ,9,ޏ,53
04/20,11,cȂ,10,u,52
04/20,12,cȂ,1,b,1556
04/20,12,cȂ,2,ގq,1304
04/20,12,cȂ,3,՗t,155
04/20,12,cȂ,4,,122
04/20,12,cȂ,5,C,112
04/20,12,cȂ,6,Í,73
04/20,12,cȂ,7,Gi,66
04/20,12,cȂ,8,,54
04/20,12,cȂ,9,ޏ,53
04/20,12,cȂ,10,u,53
04/20,13,cȂ,1,b,1580
04/20,13,cȂ,2,ގq,1323
04/20,13,cȂ,3,՗t,156
04/20,13,cȂ,4,,122
04/20,13,cȂ,5,C,114
04/20,13,cȂ,6,Í,73
04/20,13,cȂ,7,Gi,66
04/20,13,cȂ,8,,55
04/20,13,cȂ,9,ޏ,53
04/20,13,cȂ,10,u,53
04/20,14,cȂ,1,b,1600
04/20,14,cȂ,2,ގq,1337
04/20,14,cȂ,3,՗t,158
04/20,14,cȂ,4,,122
04/20,14,cȂ,5,C,114
04/20,14,cȂ,6,Í,73
04/20,14,cȂ,7,Gi,66
04/20,14,cȂ,8,,55
04/20,14,cȂ,9,ޏ,53
04/20,14,cȂ,10,u,53
04/20,15,cȂ,1,b,1622
04/20,15,cȂ,2,ގq,1351
04/20,15,cȂ,3,՗t,158
04/20,15,cȂ,4,,123
04/20,15,cȂ,5,C,114
04/20,15,cȂ,6,Í,73
04/20,15,cȂ,7,Gi,66
04/20,15,cȂ,8,,56
04/20,15,cȂ,9,ޏ,53
04/20,15,cȂ,10,u,53
04/20,16,cȂ,1,b,1636
04/20,16,cȂ,2,ގq,1367
04/20,16,cȂ,3,՗t,158
04/20,16,cȂ,4,,123
04/20,16,cȂ,5,C,115
04/20,16,cȂ,6,Í,73
04/20,16,cȂ,7,Gi,66
04/20,16,cȂ,8,,56
04/20,16,cȂ,9,ޏ,53
04/20,16,cȂ,10,u,53
04/20,17,cȂ,1,b,1658
04/20,17,cȂ,2,ގq,1378
04/20,17,cȂ,3,՗t,158
04/20,17,cȂ,4,,125
04/20,17,cȂ,5,C,115
04/20,17,cȂ,6,Í,74
04/20,17,cȂ,7,Gi,66
04/20,17,cȂ,8,,56
04/20,17,cȂ,9,ޏ,53
04/20,17,cȂ,10,u,53
04/20,18,cȂ,1,b,1668
04/20,18,cȂ,2,ގq,1397
04/20,18,cȂ,3,՗t,158
04/20,18,cȂ,4,,126
04/20,18,cȂ,5,C,122
04/20,18,cȂ,6,Í,74
04/20,18,cȂ,7,Gi,66
04/20,18,cȂ,8,,56
04/20,18,cȂ,9,,55
04/20,18,cȂ,10,ޏ,53
04/20,19,cȂ,1,b,1677
04/20,19,cȂ,2,ގq,1413
04/20,19,cȂ,3,՗t,159
04/20,19,cȂ,4,,127
04/20,19,cȂ,5,C,123
04/20,19,cȂ,6,Í,74
04/20,19,cȂ,7,Gi,66
04/20,19,cȂ,8,,65
04/20,19,cȂ,9,,56
04/20,19,cȂ,10,ޏ,54
04/20,20,cȂ,1,b,1708
04/20,20,cȂ,2,ގq,1434
04/20,20,cȂ,3,՗t,162
04/20,20,cȂ,4,,127
04/20,20,cȂ,5,C,123
04/20,20,cȂ,6,Í,75
04/20,20,cȂ,7,Gi,66
04/20,20,cȂ,8,,65
04/20,20,cȂ,9,,56
04/20,20,cȂ,10,ޏ,54
04/20,21,cȂ,1,b,1730
04/20,21,cȂ,2,ގq,1449
04/20,21,cȂ,3,՗t,166
04/20,21,cȂ,4,,127
04/20,21,cȂ,5,C,123
04/20,21,cȂ,6,Í,76
04/20,21,cȂ,7,Gi,67
04/20,21,cȂ,8,,65
04/20,21,cȂ,9,,56
04/20,21,cȂ,10,Ǔ,56
04/20,22,cȂ,1,b,1763
04/20,22,cȂ,2,ގq,1479
04/20,22,cȂ,3,՗t,166
04/20,22,cȂ,4,,128
04/20,22,cȂ,5,C,127
04/20,22,cȂ,6,Í,77
04/20,22,cȂ,7,Gi,68
04/20,22,cȂ,8,,66
04/20,22,cȂ,9,ޏ,61
04/20,22,cȂ,10,,56
04/20,23,cȂ,1,b,1791
04/20,23,cȂ,2,ގq,1490
04/20,23,cȂ,3,՗t,171
04/20,23,cȂ,4,,134
04/20,23,cȂ,5,C,128
04/20,23,cȂ,6,Í,81
04/20,23,cȂ,7,Gi,69
04/20,23,cȂ,8,,68
04/20,23,cȂ,9,ޏ,62
04/20,23,cȂ,10,u,57
04/21,0,cȂ,1,b,1830
04/21,0,cȂ,2,ގq,1496
04/21,0,cȂ,3,՗t,174
04/21,0,cȂ,4,,138
04/21,0,cȂ,5,C,129
04/21,0,cȂ,6,Í,83
04/21,0,cȂ,7,Gi,70
04/21,0,cȂ,8,,68
04/21,0,cȂ,9,ޏ,62
04/21,0,cȂ,10,u,57
04/21,1,cȂ,1,b,1973
04/21,1,cȂ,2,ގq,1655
04/21,1,cȂ,3,՗t,178
04/21,1,cȂ,4,,143
04/21,1,cȂ,5,C,130
04/21,1,cȂ,6,Í,92
04/21,1,cȂ,7,,71
04/21,1,cȂ,8,Gi,70
04/21,1,cȂ,9,ޏ,62
04/21,1,cȂ,10,u,61
04/21,2,cȂ,1,b,2024
04/21,2,cȂ,2,ގq,1702
04/21,2,cȂ,3,՗t,179
04/21,2,cȂ,4,,144
04/21,2,cȂ,5,C,130
04/21,2,cȂ,6,Í,95
04/21,2,cȂ,7,,72
04/21,2,cȂ,8,Gi,70
04/21,2,cȂ,9,ޏ,64
04/21,2,cȂ,10,u,62
04/21,3,cȂ,1,b,2078
04/21,3,cȂ,2,ގq,1730
04/21,3,cȂ,3,՗t,183
04/21,3,cȂ,4,,146
04/21,3,cȂ,5,C,130
04/21,3,cȂ,6,Í,96
04/21,3,cȂ,7,,74
04/21,3,cȂ,8,Gi,70
04/21,3,cȂ,9,ޏ,64
04/21,3,cȂ,10,u,63
04/21,4,cȂ,1,b,2086
04/21,4,cȂ,2,ގq,1738
04/21,4,cȂ,3,՗t,184
04/21,4,cȂ,4,,146
04/21,4,cȂ,5,C,130
04/21,4,cȂ,6,Í,96
04/21,4,cȂ,7,,74
04/21,4,cȂ,8,Gi,70
04/21,4,cȂ,9,ޏ,64
04/21,4,cȂ,10,u,63
04/21,5,cȂ,1,b,2091
04/21,5,cȂ,2,ގq,1747
04/21,5,cȂ,3,՗t,184
04/21,5,cȂ,4,,146
04/21,5,cȂ,5,C,130
04/21,5,cȂ,6,Í,97
04/21,5,cȂ,7,,74
04/21,5,cȂ,8,Gi,71
04/21,5,cȂ,9,ޏ,64
04/21,5,cȂ,10,u,63
04/21,6,cȂ,1,b,2109
04/21,6,cȂ,2,ގq,1761
04/21,6,cȂ,3,՗t,184
04/21,6,cȂ,4,,146
04/21,6,cȂ,5,C,130
04/21,6,cȂ,6,Í,97
04/21,6,cȂ,7,,74
04/21,6,cȂ,8,Gi,71
04/21,6,cȂ,9,ޏ,64
04/21,6,cȂ,10,u,64
04/21,7,cȂ,1,b,2140
04/21,7,cȂ,2,ގq,1777
04/21,7,cȂ,3,՗t,186
04/21,7,cȂ,4,,147
04/21,7,cȂ,5,C,130
04/21,7,cȂ,6,Í,97
04/21,7,cȂ,7,,75
04/21,7,cȂ,8,Gi,71
04/21,7,cȂ,9,u,66
04/21,7,cȂ,10,ޏ,65
04/21,8,cȂ,1,b,2181
04/21,8,cȂ,2,ގq,1818
04/21,8,cȂ,3,՗t,188
04/21,8,cȂ,4,,153
04/21,8,cȂ,5,C,130
04/21,8,cȂ,6,Í,100
04/21,8,cȂ,7,,77
04/21,8,cȂ,8,Gi,71
04/21,8,cȂ,9,u,66
04/21,8,cȂ,10,ޏ,65
04/21,9,cȂ,1,b,2215
04/21,9,cȂ,2,ގq,1837
04/21,9,cȂ,3,՗t,188
04/21,9,cȂ,4,,154
04/21,9,cȂ,5,C,130
04/21,9,cȂ,6,Í,100
04/21,9,cȂ,7,,78
04/21,9,cȂ,8,Gi,71
04/21,9,cȂ,9,u,67
04/21,9,cȂ,10,ޏ,66
04/21,10,cȂ,1,b,2237
04/21,10,cȂ,2,ގq,1854
04/21,10,cȂ,3,՗t,188
04/21,10,cȂ,4,,154
04/21,10,cȂ,5,C,130
04/21,10,cȂ,6,Í,101
04/21,10,cȂ,7,,78
04/21,10,cȂ,8,Gi,72
04/21,10,cȂ,9,u,67
04/21,10,cȂ,10,ޏ,66
04/21,11,cȂ,1,b,2249
04/21,11,cȂ,2,ގq,1872
04/21,11,cȂ,3,՗t,189
04/21,11,cȂ,4,,154
04/21,11,cȂ,5,C,130
04/21,11,cȂ,6,Í,101
04/21,11,cȂ,7,,79
04/21,11,cȂ,8,Gi,72
04/21,11,cȂ,9,u,67
04/21,11,cȂ,10,ޏ,66
04/21,12,cȂ,1,b,2269
04/21,12,cȂ,2,ގq,1908
04/21,12,cȂ,3,՗t,189
04/21,12,cȂ,4,,154
04/21,12,cȂ,5,C,130
04/21,12,cȂ,6,Í,101
04/21,12,cȂ,7,,79
04/21,12,cȂ,8,Gi,72
04/21,12,cȂ,9,u,67
04/21,12,cȂ,10,ޏ,67
04/21,13,cȂ,1,b,2308
04/21,13,cȂ,2,ގq,1935
04/21,13,cȂ,3,՗t,189
04/21,13,cȂ,4,,155
04/21,13,cȂ,5,C,130
04/21,13,cȂ,6,Í,101
04/21,13,cȂ,7,,81
04/21,13,cȂ,8,Gi,72
04/21,13,cȂ,9,u,67
04/21,13,cȂ,10,ޏ,67
04/21,14,cȂ,1,b,2325
04/21,14,cȂ,2,ގq,1969
04/21,14,cȂ,3,՗t,189
04/21,14,cȂ,4,,155
04/21,14,cȂ,5,C,131
04/21,14,cȂ,6,Í,101
04/21,14,cȂ,7,ޏ,97
04/21,14,cȂ,8,,81
04/21,14,cȂ,9,Gi,72
04/21,14,cȂ,10,u,67
04/21,15,cȂ,1,b,2338
04/21,15,cȂ,2,ގq,1983
04/21,15,cȂ,3,՗t,190
04/21,15,cȂ,4,,156
04/21,15,cȂ,5,C,131
04/21,15,cȂ,6,Í,101
04/21,15,cȂ,7,ޏ,97
04/21,15,cȂ,8,,82
04/21,15,cȂ,9,Gi,72
04/21,15,cȂ,10,u,68
04/21,16,cȂ,1,b,2351
04/21,16,cȂ,2,ގq,1995
04/21,16,cȂ,3,՗t,190
04/21,16,cȂ,4,,160
04/21,16,cȂ,5,C,131
04/21,16,cȂ,6,Í,102
04/21,16,cȂ,7,ޏ,97
04/21,16,cȂ,8,,83
04/21,16,cȂ,9,Gi,72
04/21,16,cȂ,10,u,68
04/21,17,cȂ,1,b,2372
04/21,17,cȂ,2,ގq,2012
04/21,17,cȂ,3,՗t,190
04/21,17,cȂ,4,,160
04/21,17,cȂ,5,C,132
04/21,17,cȂ,6,Í,103
04/21,17,cȂ,7,ޏ,97
04/21,17,cȂ,8,,84
04/21,17,cȂ,9,Gi,72
04/21,17,cȂ,10,u,68
04/21,18,cȂ,1,b,2382
04/21,18,cȂ,2,ގq,2023
04/21,18,cȂ,3,՗t,190
04/21,18,cȂ,4,,163
04/21,18,cȂ,5,C,132
04/21,18,cȂ,6,Í,103
04/21,18,cȂ,7,ޏ,97
04/21,18,cȂ,8,,85
04/21,18,cȂ,9,Gi,72
04/21,18,cȂ,10,Ǔ,70
04/21,19,cȂ,1,b,2419
04/21,19,cȂ,2,ގq,2030
04/21,19,cȂ,3,՗t,190
04/21,19,cȂ,4,,171
04/21,19,cȂ,5,C,132
04/21,19,cȂ,6,Í,103
04/21,19,cȂ,7,ޏ,97
04/21,19,cȂ,8,,85
04/21,19,cȂ,9,Gi,72
04/21,19,cȂ,10,Ǔ,71
04/21,20,cȂ,1,b,2438
04/21,20,cȂ,2,ގq,2050
04/21,20,cȂ,3,՗t,190
04/21,20,cȂ,4,,172
04/21,20,cȂ,5,C,132
04/21,20,cȂ,6,Í,104
04/21,20,cȂ,7,ޏ,97
04/21,20,cȂ,8,,86
04/21,20,cȂ,9,Gi,79
04/21,20,cȂ,10,Ǔ,71
04/21,21,cȂ,1,b,2469
04/21,21,cȂ,2,ގq,2085
04/21,21,cȂ,3,՗t,190
04/21,21,cȂ,4,,172
04/21,21,cȂ,5,C,132
04/21,21,cȂ,6,Í,107
04/21,21,cȂ,7,ޏ,100
04/21,21,cȂ,8,,87
04/21,21,cȂ,9,Gi,79
04/21,21,cȂ,10,Ǔ,74
04/21,22,cȂ,1,b,2506
04/21,22,cȂ,2,ގq,2126
04/21,22,cȂ,3,՗t,194
04/21,22,cȂ,4,,176
04/21,22,cȂ,5,C,134
04/21,22,cȂ,6,Í,109
04/21,22,cȂ,7,ޏ,102
04/21,22,cȂ,8,,87
04/21,22,cȂ,9,Gi,79
04/21,22,cȂ,10,Ǔ,75
04/21,23,cȂ,1,b,2523
04/21,23,cȂ,2,ގq,2141
04/21,23,cȂ,3,՗t,194
04/21,23,cȂ,4,,176
04/21,23,cȂ,5,C,135
04/21,23,cȂ,6,Í,109
04/21,23,cȂ,7,ޏ,102
04/21,23,cȂ,8,,88
04/21,23,cȂ,9,Gi,79
04/21,23,cȂ,10,Ǔ,78
04/22,0,cȂ,1,b,2567
04/22,0,cȂ,2,ގq,2167
04/22,0,cȂ,3,՗t,196
04/22,0,cȂ,4,,177
04/22,0,cȂ,5,C,135
04/22,0,cȂ,6,Í,110
04/22,0,cȂ,7,ޏ,103
04/22,0,cȂ,8,,89
04/22,0,cȂ,9,Gi,80
04/22,0,cȂ,10,Ǔ,78
04/22,1,cȂ,1,b,2723
04/22,1,cȂ,2,ގq,2301
04/22,1,cȂ,3,՗t,216
04/22,1,cȂ,4,,181
04/22,1,cȂ,5,C,136
04/22,1,cȂ,6,Í,116
04/22,1,cȂ,7,ޏ,104
04/22,1,cȂ,8,,90
04/22,1,cȂ,9,Ǔ,84
04/22,1,cȂ,10,Gi,81
04/22,2,cȂ,1,b,2779
04/22,2,cȂ,2,ގq,2344
04/22,2,cȂ,3,՗t,217
04/22,2,cȂ,4,,181
04/22,2,cȂ,5,C,140
04/22,2,cȂ,6,Í,117
04/22,2,cȂ,7,ޏ,105
04/22,2,cȂ,8,,91
04/22,2,cȂ,9,Ǔ,84
04/22,2,cȂ,10,Gi,81
04/22,3,cȂ,1,b,2802
04/22,3,cȂ,2,ގq,2362
04/22,3,cȂ,3,՗t,221
04/22,3,cȂ,4,,185
04/22,3,cȂ,5,C,140
04/22,3,cȂ,6,Í,118
04/22,3,cȂ,7,ޏ,106
04/22,3,cȂ,8,,91
04/22,3,cȂ,9,Ǔ,84
04/22,3,cȂ,10,Gi,81
04/22,4,cȂ,1,b,2815
04/22,4,cȂ,2,ގq,2381
04/22,4,cȂ,3,՗t,223
04/22,4,cȂ,4,,186
04/22,4,cȂ,5,C,141
04/22,4,cȂ,6,Í,119
04/22,4,cȂ,7,ޏ,106
04/22,4,cȂ,8,,91
04/22,4,cȂ,9,Ǔ,84
04/22,4,cȂ,10,Gi,81
04/22,5,cȂ,1,b,2821
04/22,5,cȂ,2,ގq,2403
04/22,5,cȂ,3,՗t,223
04/22,5,cȂ,4,,186
04/22,5,cȂ,5,C,141
04/22,5,cȂ,6,Í,119
04/22,5,cȂ,7,ޏ,106
04/22,5,cȂ,8,,91
04/22,5,cȂ,9,Ǔ,84
04/22,5,cȂ,10,Gi,81
04/22,6,cȂ,1,b,2848
04/22,6,cȂ,2,ގq,2425
04/22,6,cȂ,3,՗t,223
04/22,6,cȂ,4,,187
04/22,6,cȂ,5,C,141
04/22,6,cȂ,6,Í,120
04/22,6,cȂ,7,ޏ,106
04/22,6,cȂ,8,,91
04/22,6,cȂ,9,Ǔ,84
04/22,6,cȂ,10,Gi,81
04/22,7,cȂ,1,b,2906
04/22,7,cȂ,2,ގq,2438
04/22,7,cȂ,3,՗t,223
04/22,7,cȂ,4,,187
04/22,7,cȂ,5,C,142
04/22,7,cȂ,6,Í,121
04/22,7,cȂ,7,ޏ,106
04/22,7,cȂ,8,,96
04/22,7,cȂ,9,Ǔ,84
04/22,7,cȂ,10,Gi,81
04/22,8,cȂ,1,b,2958
04/22,8,cȂ,2,ގq,2468
04/22,8,cȂ,3,՗t,227
04/22,8,cȂ,4,,188
04/22,8,cȂ,5,C,142
04/22,8,cȂ,6,Í,122
04/22,8,cȂ,7,ޏ,109
04/22,8,cȂ,8,,101
04/22,8,cȂ,9,Ǔ,86
04/22,8,cȂ,10,Gi,81
04/22,9,cȂ,1,b,3001
04/22,9,cȂ,2,ގq,2485
04/22,9,cȂ,3,՗t,227
04/22,9,cȂ,4,,188
04/22,9,cȂ,5,C,142
04/22,9,cȂ,6,Í,122
04/22,9,cȂ,7,ޏ,110
04/22,9,cȂ,8,,102
04/22,9,cȂ,9,Ǔ,96
04/22,9,cȂ,10,Gi,81
04/22,10,cȂ,1,b,3034
04/22,10,cȂ,2,ގq,2506
04/22,10,cȂ,3,՗t,227
04/22,10,cȂ,4,,189
04/22,10,cȂ,5,C,142
04/22,10,cȂ,6,Í,122
04/22,10,cȂ,7,ޏ,110
04/22,10,cȂ,8,,103
04/22,10,cȂ,9,Ǔ,97
04/22,10,cȂ,10,,82
04/22,11,cȂ,1,b,3056
04/22,11,cȂ,2,ގq,2523
04/22,11,cȂ,3,՗t,227
04/22,11,cȂ,4,,189
04/22,11,cȂ,5,C,142
04/22,11,cȂ,6,Í,124
04/22,11,cȂ,7,ޏ,111
04/22,11,cȂ,8,,104
04/22,11,cȂ,9,Ǔ,97
04/22,11,cȂ,10,,82
04/22,12,cȂ,1,b,3075
04/22,12,cȂ,2,ގq,2541
04/22,12,cȂ,3,՗t,227
04/22,12,cȂ,4,,190
04/22,12,cȂ,5,C,142
04/22,12,cȂ,6,Í,125
04/22,12,cȂ,7,ޏ,111
04/22,12,cȂ,8,,104
04/22,12,cȂ,9,Ǔ,97
04/22,12,cȂ,10,,82
04/22,13,cȂ,1,b,3085
04/22,13,cȂ,2,ގq,2587
04/22,13,cȂ,3,՗t,228
04/22,13,cȂ,4,,193
04/22,13,cȂ,5,C,142
04/22,13,cȂ,6,Í,125
04/22,13,cȂ,7,ޏ,111
04/22,13,cȂ,8,,104
04/22,13,cȂ,9,Ǔ,99
04/22,13,cȂ,10,,83
04/22,14,cȂ,1,b,3098
04/22,14,cȂ,2,ގq,2608
04/22,14,cȂ,3,՗t,228
04/22,14,cȂ,4,,193
04/22,14,cȂ,5,C,142
04/22,14,cȂ,6,Í,134
04/22,14,cȂ,7,ޏ,111
04/22,14,cȂ,8,Ǔ,109
04/22,14,cȂ,9,,104
04/22,14,cȂ,10,,83
04/22,17,cȂ,1,b,3121
04/22,17,cȂ,2,ގq,2623
04/22,17,cȂ,3,՗t,228
04/22,17,cȂ,4,,194
04/22,17,cȂ,5,C,142
04/22,17,cȂ,6,Í,134
04/22,17,cȂ,7,ޏ,114
04/22,17,cȂ,8,Ǔ,109
04/22,17,cȂ,9,,104
04/22,17,cȂ,10,u,87
04/22,18,cȂ,1,b,3418
04/22,18,cȂ,2,ގq,3292
04/22,18,cȂ,3,՗t,232
04/22,18,cȂ,4,,195
04/22,18,cȂ,5,C,142
04/22,18,cȂ,6,Í,134
04/22,18,cȂ,7,,117
04/22,18,cȂ,8,ޏ,115
04/22,18,cȂ,9,Ǔ,110
04/22,18,cȂ,10,u,87
04/22,19,cȂ,1,b,4459
04/22,19,cȂ,2,ގq,4357
04/22,19,cȂ,3,,286
04/22,19,cȂ,4,՗t,238
04/22,19,cȂ,5,Ǔ,143
04/22,19,cȂ,6,C,142
04/22,19,cȂ,7,Í,140
04/22,19,cȂ,8,,134
04/22,19,cȂ,9,ޏ,118
04/22,19,cȂ,10,u,88
04/22,20,cȂ,1,b,5569
04/22,20,cȂ,2,ގq,5345
04/22,20,cȂ,3,,315
04/22,20,cȂ,4,՗t,245
04/22,20,cȂ,5,Ǔ,150
04/22,20,cȂ,6,Í,147
04/22,20,cȂ,7,C,145
04/22,20,cȂ,8,,137
04/22,20,cȂ,9,ޏ,119
04/22,20,cȂ,10,Sq,105
04/22,23,cȂ,1,ގq,5976
04/22,23,cȂ,2,b,5957
04/22,23,cȂ,3,,328
04/22,23,cȂ,4,՗t,245
04/22,23,cȂ,5,Ǔ,150
04/22,23,cȂ,6,Í,148
04/22,23,cȂ,7,C,146
04/22,23,cȂ,8,,138
04/22,23,cȂ,9,ޏ,119
04/22,23,cȂ,10,Sq,110
04/23,0,cȂ,1,ގq,7686
04/23,0,cȂ,2,b,7385
04/23,0,cȂ,3,,380
04/23,0,cȂ,4,՗t,250
04/23,0,cȂ,5,C,220
04/23,0,cȂ,6,Í,191
04/23,0,cȂ,7,Ǔ,171
04/23,0,cȂ,8,,150
04/23,0,cȂ,9,ޏ,132
04/23,0,cȂ,10,Sq,111
04/23,1,cȂ,1,b,9469
04/23,1,cȂ,2,ގq,9379
04/23,1,cȂ,3,,383
04/23,1,cȂ,4,՗t,281
04/23,1,cȂ,5,C,228
04/23,1,cȂ,6,Í,194
04/23,1,cȂ,7,Ǔ,172
04/23,1,cȂ,8,ޏ,155
04/23,1,cȂ,9,,155
04/23,1,cȂ,10,Sq,111
04/23,2,cȂ,1,ގq,10896
04/23,2,cȂ,2,b,10873
04/23,2,cȂ,3,,395
04/23,2,cȂ,4,՗t,304
04/23,2,cȂ,5,Í,247
04/23,2,cȂ,6,C,229
04/23,2,cȂ,7,Ǔ,180
04/23,2,cȂ,8,ޏ,157
04/23,2,cȂ,9,,155
04/23,2,cȂ,10,Sq,112
04/23,3,cȂ,1,b,11631
04/23,3,cȂ,2,ގq,11416
04/23,3,cȂ,3,,397
04/23,3,cȂ,4,՗t,349
04/23,3,cȂ,5,Í,249
04/23,3,cȂ,6,C,229
04/23,3,cȂ,7,Ǔ,181
04/23,3,cȂ,8,,162
04/23,3,cȂ,9,ޏ,162
04/23,3,cȂ,10,Sq,114
04/23,4,cȂ,1,b,12215
04/23,4,cȂ,2,ގq,11688
04/23,4,cȂ,3,,397
04/23,4,cȂ,4,՗t,353
04/23,4,cȂ,5,Í,250
04/23,4,cȂ,6,C,229
04/23,4,cȂ,7,Ǔ,181
04/23,4,cȂ,8,,162
04/23,4,cȂ,9,ޏ,162
04/23,4,cȂ,10,Sq,118
04/23,5,cȂ,1,b,12520
04/23,5,cȂ,2,ގq,11859
04/23,5,cȂ,3,,402
04/23,5,cȂ,4,՗t,353
04/23,5,cȂ,5,Í,250
04/23,5,cȂ,6,C,229
04/23,5,cȂ,7,Ǔ,181
04/23,5,cȂ,8,ޏ,164
04/23,5,cȂ,9,,162
04/23,5,cȂ,10,Sq,135
04/23,6,cȂ,1,b,12800
04/23,6,cȂ,2,ގq,12200
04/23,6,cȂ,3,,434
04/23,6,cȂ,4,՗t,364
04/23,6,cȂ,5,Í,252
04/23,6,cȂ,6,C,229
04/23,6,cȂ,7,ޏ,186
04/23,6,cȂ,8,Ǔ,181
04/23,6,cȂ,9,,162
04/23,6,cȂ,10,Sq,137
04/23,7,cȂ,1,b,12946
04/23,7,cȂ,2,ގq,12354
04/23,7,cȂ,3,,435
04/23,7,cȂ,4,՗t,365
04/23,7,cȂ,5,Í,255
04/23,7,cȂ,6,C,233
04/23,7,cȂ,7,ޏ,189
04/23,7,cȂ,8,Ǔ,181
04/23,7,cȂ,9,,162
04/23,7,cȂ,10,Sq,137
04/23,8,cȂ,1,b,13469
04/23,8,cȂ,2,ގq,12751
04/23,8,cȂ,3,,457
04/23,8,cȂ,4,՗t,366
04/23,8,cȂ,5,Í,256
04/23,8,cȂ,6,C,234
04/23,8,cȂ,7,ޏ,190
04/23,8,cȂ,8,Ǔ,189
04/23,8,cȂ,9,,163
04/23,8,cȂ,10,Sq,137
04/23,9,cȂ,1,b,13702
04/23,9,cȂ,2,ގq,13199
04/23,9,cȂ,3,,464
04/23,9,cȂ,4,՗t,366
04/23,9,cȂ,5,Í,259
04/23,9,cȂ,6,C,235
04/23,9,cȂ,7,ޏ,190
04/23,9,cȂ,8,Ǔ,189
04/23,9,cȂ,9,,163
04/23,9,cȂ,10,Sq,147
04/23,10,cȂ,1,b,14060
04/23,10,cȂ,2,ގq,13738
04/23,10,cȂ,3,,473
04/23,10,cȂ,4,՗t,372
04/23,10,cȂ,5,Í,265
04/23,10,cȂ,6,C,239
04/23,10,cȂ,7,ޏ,190
04/23,10,cȂ,8,Ǔ,190
04/23,10,cȂ,9,,164
04/23,10,cȂ,10,Sq,149
04/23,11,cȂ,1,b,14580
04/23,11,cȂ,2,ގq,14366
04/23,11,cȂ,3,,474
04/23,11,cȂ,4,՗t,374
04/23,11,cȂ,5,Í,290
04/23,11,cȂ,6,C,241
04/23,11,cȂ,7,Ǔ,204
04/23,11,cȂ,8,,194
04/23,11,cȂ,9,ޏ,190
04/23,11,cȂ,10,Sq,149
04/23,12,cȂ,1,b,15314
04/23,12,cȂ,2,ގq,14795
04/23,12,cȂ,3,,530
04/23,12,cȂ,4,՗t,374
04/23,12,cȂ,5,Í,305
04/23,12,cȂ,6,C,242
04/23,12,cȂ,7,Ǔ,204
04/23,12,cȂ,8,,198
04/23,12,cȂ,9,ޏ,190
04/23,12,cȂ,10,Sq,163
04/23,13,cȂ,1,b,15848
04/23,13,cȂ,2,ގq,15228
04/23,13,cȂ,3,,545
04/23,13,cȂ,4,՗t,413
04/23,13,cȂ,5,Í,317
04/23,13,cȂ,6,C,245
04/23,13,cȂ,7,Ǔ,209
04/23,13,cȂ,8,,207
04/23,13,cȂ,9,ޏ,191
04/23,13,cȂ,10,Sq,164
04/23,14,cȂ,1,b,16129
04/23,14,cȂ,2,ގq,15709
04/23,14,cȂ,3,,546
04/23,14,cȂ,4,՗t,413
04/23,14,cȂ,5,Í,344
04/23,14,cȂ,6,C,336
04/23,14,cȂ,7,Ǔ,220
04/23,14,cȂ,8,,208
04/23,14,cȂ,9,ޏ,192
04/23,14,cȂ,10,Sq,165
04/23,15,cȂ,1,b,16426
04/23,15,cȂ,2,ގq,16041
04/23,15,cȂ,3,,549
04/23,15,cȂ,4,՗t,413
04/23,15,cȂ,5,C,369
04/23,15,cȂ,6,Í,366
04/23,15,cȂ,7,Ǔ,220
04/23,15,cȂ,8,,210
04/23,15,cȂ,9,ޏ,192
04/23,15,cȂ,10,Sq,166
04/23,16,cȂ,1,b,16818
04/23,16,cȂ,2,ގq,16355
04/23,16,cȂ,3,,549
04/23,16,cȂ,4,՗t,414
04/23,16,cȂ,5,C,371
04/23,16,cȂ,6,Í,366
04/23,16,cȂ,7,Ǔ,222
04/23,16,cȂ,8,,211
04/23,16,cȂ,9,ޏ,195
04/23,16,cȂ,10,Sq,182
04/23,17,cȂ,1,b,17200
04/23,17,cȂ,2,ގq,16507
04/23,17,cȂ,3,,560
04/23,17,cȂ,4,՗t,414
04/23,17,cȂ,5,C,385
04/23,17,cȂ,6,Í,366
04/23,17,cȂ,7,Ǔ,223
04/23,17,cȂ,8,,211
04/23,17,cȂ,9,ޏ,195
04/23,17,cȂ,10,Sq,182
04/23,18,cȂ,1,b,17505
04/23,18,cȂ,2,ގq,17060
04/23,18,cȂ,3,,560
04/23,18,cȂ,4,՗t,415
04/23,18,cȂ,5,C,385
04/23,18,cȂ,6,Í,368
04/23,18,cȂ,7,Ǔ,233
04/23,18,cȂ,8,,211
04/23,18,cȂ,9,ޏ,195
04/23,18,cȂ,10,Sq,182
04/23,19,cȂ,1,b,17668
04/23,19,cȂ,2,ގq,17354
04/23,19,cȂ,3,,561
04/23,19,cȂ,4,՗t,415
04/23,19,cȂ,5,C,385
04/23,19,cȂ,6,Í,368
04/23,19,cȂ,7,Ǔ,240
04/23,19,cȂ,8,,211
04/23,19,cȂ,9,ޏ,195
04/23,19,cȂ,10,Sq,184
04/23,20,cȂ,1,b,18264
04/23,20,cȂ,2,ގq,17869
04/23,20,cȂ,3,,561
04/23,20,cȂ,4,՗t,415
04/23,20,cȂ,5,C,387
04/23,20,cȂ,6,Í,368
04/23,20,cȂ,7,Ǔ,240
04/23,20,cȂ,8,,212
04/23,20,cȂ,9,Sq,204
04/23,20,cȂ,10,ޏ,195
04/23,21,cȂ,1,b,18852
04/23,21,cȂ,2,ގq,18310
04/23,21,cȂ,3,,570
04/23,21,cȂ,4,՗t,430
04/23,21,cȂ,5,C,393
04/23,21,cȂ,6,Í,371
04/23,21,cȂ,7,Ǔ,244
04/23,21,cȂ,8,,212
04/23,21,cȂ,9,Sq,204
04/23,21,cȂ,10,ޏ,197
04/23,22,cȂ,1,b,19195
04/23,22,cȂ,2,ގq,18685
04/23,22,cȂ,3,,577
04/23,22,cȂ,4,՗t,438
04/23,22,cȂ,5,C,404
04/23,22,cȂ,6,Í,373
04/23,22,cȂ,7,Ǔ,247
04/23,22,cȂ,8,,212
04/23,22,cȂ,9,Sq,204
04/23,22,cȂ,10,ޏ,197
04/23,23,cȂ,1,b,19432
04/23,23,cȂ,2,ގq,18895
04/23,23,cȂ,3,,579
04/23,23,cȂ,4,՗t,444
04/23,23,cȂ,5,C,404
04/23,23,cȂ,6,Í,375
04/23,23,cȂ,7,Ǔ,247
04/23,23,cȂ,8,,214
04/23,23,cȂ,9,Sq,206
04/23,23,cȂ,10,ޏ,197
04/24,0,cȂ,1,b,19907
04/24,0,cȂ,2,ގq,19280
04/24,0,cȂ,3,,584
04/24,0,cȂ,4,՗t,447
04/24,0,cȂ,5,C,415
04/24,0,cȂ,6,Í,378
04/24,0,cȂ,7,Ǔ,291
04/24,0,cȂ,8,,218
04/24,0,cȂ,9,Sq,208
04/24,0,cȂ,10,ޏ,197
04/24,1,cȂ,1,b,20668
04/24,1,cȂ,2,ގq,19919
04/24,1,cȂ,3,,606
04/24,1,cȂ,4,՗t,452
04/24,1,cȂ,5,C,426
04/24,1,cȂ,6,Í,421
04/24,1,cȂ,7,Ǔ,299
04/24,1,cȂ,8,,220
04/24,1,cȂ,9,Sq,209
04/24,1,cȂ,10,ޏ,203
04/24,2,cȂ,1,b,21060
04/24,2,cȂ,2,ގq,20330
04/24,2,cȂ,3,,614
04/24,2,cȂ,4,՗t,456
04/24,2,cȂ,5,Í,439
04/24,2,cȂ,6,C,429
04/24,2,cȂ,7,Ǔ,299
04/24,2,cȂ,8,,222
04/24,2,cȂ,9,Sq,213
04/24,2,cȂ,10,ޏ,206
04/24,3,cȂ,1,b,21157
04/24,3,cȂ,2,ގq,20623
04/24,3,cȂ,3,,615
04/24,3,cȂ,4,՗t,456
04/24,3,cȂ,5,Í,441
04/24,3,cȂ,6,C,429
04/24,3,cȂ,7,Ǔ,301
04/24,3,cȂ,8,,222
04/24,3,cȂ,9,Sq,214
04/24,3,cȂ,10,ޏ,206
04/24,4,cȂ,1,b,21273
04/24,4,cȂ,2,ގq,20748
04/24,4,cȂ,3,,615
04/24,4,cȂ,4,՗t,456
04/24,4,cȂ,5,Í,446
04/24,4,cȂ,6,C,429
04/24,4,cȂ,7,Ǔ,301
04/24,4,cȂ,8,,222
04/24,4,cȂ,9,Sq,218
04/24,4,cȂ,10,ޏ,206
04/24,5,cȂ,1,b,21504
04/24,5,cȂ,2,ގq,20874
04/24,5,cȂ,3,,615
04/24,5,cȂ,4,՗t,456
04/24,5,cȂ,5,Í,446
04/24,5,cȂ,6,C,429
04/24,5,cȂ,7,Ǔ,303
04/24,5,cȂ,8,,230
04/24,5,cȂ,9,Sq,219
04/24,5,cȂ,10,ޏ,207
04/24,6,cȂ,1,b,21593
04/24,6,cȂ,2,ގq,21083
04/24,6,cȂ,3,,615
04/24,6,cȂ,4,՗t,460
04/24,6,cȂ,5,Í,449
04/24,6,cȂ,6,C,429
04/24,6,cȂ,7,Ǔ,305
04/24,6,cȂ,8,,230
04/24,6,cȂ,9,Sq,219
04/24,6,cȂ,10,ޏ,207
04/24,7,cȂ,1,b,21669
04/24,7,cȂ,2,ގq,21303
04/24,7,cȂ,3,,619
04/24,7,cȂ,4,՗t,460
04/24,7,cȂ,5,Í,450
04/24,7,cȂ,6,C,430
04/24,7,cȂ,7,Ǔ,310
04/24,7,cȂ,8,,230
04/24,7,cȂ,9,Sq,222
04/24,7,cȂ,10,ޏ,208
04/24,8,cȂ,1,b,21914
04/24,8,cȂ,2,ގq,21427
04/24,8,cȂ,3,,620
04/24,8,cȂ,4,՗t,468
04/24,8,cȂ,5,Í,455
04/24,8,cȂ,6,C,430
04/24,8,cȂ,7,Ǔ,310
04/24,8,cȂ,8,,230
04/24,8,cȂ,9,Sq,224
04/24,8,cȂ,10,ޏ,209
04/24,9,cȂ,1,b,22145
04/24,9,cȂ,2,ގq,21470
04/24,9,cȂ,3,,621
04/24,9,cȂ,4,՗t,469
04/24,9,cȂ,5,Í,459
04/24,9,cȂ,6,C,440
04/24,9,cȂ,7,Ǔ,318
04/24,9,cȂ,8,,231
04/24,9,cȂ,9,Sq,225
04/24,9,cȂ,10,ޏ,211
04/24,10,cȂ,1,b,22401
04/24,10,cȂ,2,ގq,21655
04/24,10,cȂ,3,,639
04/24,10,cȂ,4,՗t,476
04/24,10,cȂ,5,Í,469
04/24,10,cȂ,6,C,441
04/24,10,cȂ,7,Ǔ,318
04/24,10,cȂ,8,,237
04/24,10,cȂ,9,Sq,226
04/24,10,cȂ,10,ޏ,213
04/24,11,cȂ,1,b,22592
04/24,11,cȂ,2,ގq,22068
04/24,11,cȂ,3,,659
04/24,11,cȂ,4,՗t,476
04/24,11,cȂ,5,Í,472
04/24,11,cȂ,6,C,441
04/24,11,cȂ,7,Ǔ,345
04/24,11,cȂ,8,,240
04/24,11,cȂ,9,,237
04/24,11,cȂ,10,Sq,227
04/24,12,cȂ,1,b,23000
04/24,12,cȂ,2,ގq,22453
04/24,12,cȂ,3,,659
04/24,12,cȂ,4,Í,526
04/24,12,cȂ,5,՗t,487
04/24,12,cȂ,6,C,442
04/24,12,cȂ,7,Ǔ,349
04/24,12,cȂ,8,,270
04/24,12,cȂ,9,,237
04/24,12,cȂ,10,Sq,229
04/24,13,cȂ,1,b,23423
04/24,13,cȂ,2,ގq,22706
04/24,13,cȂ,3,,662
04/24,13,cȂ,4,Í,538
04/24,13,cȂ,5,՗t,488
04/24,13,cȂ,6,C,443
04/24,13,cȂ,7,Ǔ,352
04/24,13,cȂ,8,,274
04/24,13,cȂ,9,,238
04/24,13,cȂ,10,Sq,229
04/24,14,cȂ,1,b,23610
04/24,14,cȂ,2,ގq,22908
04/24,14,cȂ,3,,663
04/24,14,cȂ,4,Í,543
04/24,14,cȂ,5,՗t,488
04/24,14,cȂ,6,C,443
04/24,14,cȂ,7,Ǔ,355
04/24,14,cȂ,8,,275
04/24,14,cȂ,9,,238
04/24,14,cȂ,10,Sq,231
04/24,15,cȂ,1,b,23809
04/24,15,cȂ,2,ގq,23011
04/24,15,cȂ,3,,665
04/24,15,cȂ,4,Í,558
04/24,15,cȂ,5,՗t,490
04/24,15,cȂ,6,C,444
04/24,15,cȂ,7,Ǔ,356
04/24,15,cȂ,8,,278
04/24,15,cȂ,9,ޏ,247
04/24,15,cȂ,10,,238
04/24,16,cȂ,1,b,23938
04/24,16,cȂ,2,ގq,23285
04/24,16,cȂ,3,,665
04/24,16,cȂ,4,Í,559
04/24,16,cȂ,5,՗t,490
04/24,16,cȂ,6,C,444
04/24,16,cȂ,7,Ǔ,356
04/24,16,cȂ,8,,279
04/24,16,cȂ,9,ޏ,257
04/24,16,cȂ,10,,238
04/24,17,cȂ,1,b,24063
04/24,17,cȂ,2,ގq,23483
04/24,17,cȂ,3,,665
04/24,17,cȂ,4,Í,559
04/24,17,cȂ,5,՗t,498
04/24,17,cȂ,6,C,444
04/24,17,cȂ,7,Ǔ,356
04/24,17,cȂ,8,,282
04/24,17,cȂ,9,ޏ,260
04/24,17,cȂ,10,,238
04/24,18,cȂ,1,b,24284
04/24,18,cȂ,2,ގq,23730
04/24,18,cȂ,3,,669
04/24,18,cȂ,4,Í,560
04/24,18,cȂ,5,՗t,498
04/24,18,cȂ,6,C,444
04/24,18,cȂ,7,Ǔ,356
04/24,18,cȂ,8,,283
04/24,18,cȂ,9,ޏ,260
04/24,18,cȂ,10,,239
04/24,19,cȂ,1,b,24444
04/24,19,cȂ,2,ގq,23877
04/24,19,cȂ,3,,673
04/24,19,cȂ,4,Í,562
04/24,19,cȂ,5,C,513
04/24,19,cȂ,6,՗t,503
04/24,19,cȂ,7,Ǔ,362
04/24,19,cȂ,8,,285
04/24,19,cȂ,9,ޏ,265
04/24,19,cȂ,10,Sq,240
04/24,20,cȂ,1,b,24569
04/24,20,cȂ,2,ގq,23924
04/24,20,cȂ,3,,676
04/24,20,cȂ,4,Í,564
04/24,20,cȂ,5,C,513
04/24,20,cȂ,6,՗t,503
04/24,20,cȂ,7,Ǔ,362
04/24,20,cȂ,8,,286
04/24,20,cȂ,9,ޏ,279
04/24,20,cȂ,10,Sq,241
04/24,21,cȂ,1,b,24781
04/24,21,cȂ,2,ގq,24224
04/24,21,cȂ,3,,678
04/24,21,cȂ,4,Í,572
04/24,21,cȂ,5,՗t,539
04/24,21,cȂ,6,C,520
04/24,21,cȂ,7,Ǔ,362
04/24,21,cȂ,8,,296
04/24,21,cȂ,9,ޏ,283
04/24,21,cȂ,10,Sq,243
04/24,22,cȂ,1,b,25028
04/24,22,cȂ,2,ގq,24284
04/24,22,cȂ,3,,684
04/24,22,cȂ,4,Í,577
04/24,22,cȂ,5,C,546
04/24,22,cȂ,6,՗t,546
04/24,22,cȂ,7,Ǔ,362
04/24,22,cȂ,8,,296
04/24,22,cȂ,9,ޏ,283
04/24,22,cȂ,10,Sq,244
04/24,23,cȂ,1,b,25152
04/24,23,cȂ,2,ގq,24509
04/24,23,cȂ,3,,685
04/24,23,cȂ,4,Í,578
04/24,23,cȂ,5,C,553
04/24,23,cȂ,6,՗t,547
04/24,23,cȂ,7,Ǔ,362
04/24,23,cȂ,8,,300
04/24,23,cȂ,9,ޏ,283
04/24,23,cȂ,10,Sq,248
04/25,0,cȂ,1,b,25437
04/25,0,cȂ,2,ގq,24832
04/25,0,cȂ,3,,686
04/25,0,cȂ,4,Í,661
04/25,0,cȂ,5,C,555
04/25,0,cȂ,6,՗t,550
04/25,0,cȂ,7,Ǔ,364
04/25,0,cȂ,8,,301
04/25,0,cȂ,9,ޏ,291
04/25,0,cȂ,10,Sq,248
04/25,1,cȂ,1,b,26062
04/25,1,cȂ,2,ގq,25326
04/25,1,cȂ,3,,694
04/25,1,cȂ,4,Í,670
04/25,1,cȂ,5,C,557
04/25,1,cȂ,6,՗t,553
04/25,1,cȂ,7,ޏ,393
04/25,1,cȂ,8,Ǔ,364
04/25,1,cȂ,9,Sq,307
04/25,1,cȂ,10,,303
04/25,3,cȂ,1,b,26365
04/25,3,cȂ,2,ގq,25802
04/25,3,cȂ,3,,721
04/25,3,cȂ,4,Í,706
04/25,3,cȂ,5,՗t,567
04/25,3,cȂ,6,C,561
04/25,3,cȂ,7,ޏ,400
04/25,3,cȂ,8,Ǔ,364
04/25,3,cȂ,9,Sq,329
04/25,3,cȂ,10,,304
04/25,4,cȂ,1,b,26426
04/25,4,cȂ,2,ގq,25815
04/25,4,cȂ,3,,722
04/25,4,cȂ,4,Í,709
04/25,4,cȂ,5,՗t,568
04/25,4,cȂ,6,C,561
04/25,4,cȂ,7,ޏ,400
04/25,4,cȂ,8,Ǔ,364
04/25,4,cȂ,9,Sq,329
04/25,4,cȂ,10,,304
04/25,5,cȂ,1,b,26484
04/25,5,cȂ,2,ގq,25836
04/25,5,cȂ,3,,722
04/25,5,cȂ,4,Í,709
04/25,5,cȂ,5,՗t,568
04/25,5,cȂ,6,C,562
04/25,5,cȂ,7,ޏ,400
04/25,5,cȂ,8,Ǔ,364
04/25,5,cȂ,9,Sq,329
04/25,5,cȂ,10,,310
04/25,6,cȂ,1,b,26513
04/25,6,cȂ,2,ގq,25896
04/25,6,cȂ,3,,722
04/25,6,cȂ,4,Í,709
04/25,6,cȂ,5,՗t,568
04/25,6,cȂ,6,C,562
04/25,6,cȂ,7,ޏ,400
04/25,6,cȂ,8,Ǔ,365
04/25,6,cȂ,9,Sq,329
04/25,6,cȂ,10,,310
04/25,7,cȂ,1,b,26589
04/25,7,cȂ,2,ގq,26058
04/25,7,cȂ,3,,726
04/25,7,cȂ,4,Í,711
04/25,7,cȂ,5,՗t,581
04/25,7,cȂ,6,C,563
04/25,7,cȂ,7,ޏ,405
04/25,7,cȂ,8,Ǔ,395
04/25,7,cȂ,9,Sq,329
04/25,7,cȂ,10,,310
04/25,8,cȂ,1,b,26879
04/25,8,cȂ,2,ގq,26237
04/25,8,cȂ,3,,740
04/25,8,cȂ,4,Í,719
04/25,8,cȂ,5,՗t,583
04/25,8,cȂ,6,C,564
04/25,8,cȂ,7,ޏ,405
04/25,8,cȂ,8,Ǔ,398
04/25,8,cȂ,9,Sq,330
04/25,8,cȂ,10,,312
04/25,9,cȂ,1,b,27031
04/25,9,cȂ,2,ގq,26455
04/25,9,cȂ,3,,745
04/25,9,cȂ,4,Í,727
04/25,9,cȂ,5,՗t,583
04/25,9,cȂ,6,C,568
04/25,9,cȂ,7,ޏ,405
04/25,9,cȂ,8,Ǔ,400
04/25,9,cȂ,9,Sq,333
04/25,9,cȂ,10,,314
04/25,10,cȂ,1,b,27145
04/25,10,cȂ,2,ގq,26645
04/25,10,cȂ,3,,746
04/25,10,cȂ,4,Í,729
04/25,10,cȂ,5,՗t,585
04/25,10,cȂ,6,C,573
04/25,10,cȂ,7,ޏ,405
04/25,10,cȂ,8,Ǔ,400
04/25,10,cȂ,9,Sq,333
04/25,10,cȂ,10,,314
04/25,11,cȂ,1,b,27416
04/25,11,cȂ,2,ގq,26725
04/25,11,cȂ,3,,746
04/25,11,cȂ,4,Í,729
04/25,11,cȂ,5,՗t,585
04/25,11,cȂ,6,C,573
04/25,11,cȂ,7,ޏ,406
04/25,11,cȂ,8,Ǔ,400
04/25,11,cȂ,9,Sq,354
04/25,11,cȂ,10,,314
04/25,12,cȂ,1,b,27606
04/25,12,cȂ,2,ގq,26844
04/25,12,cȂ,3,Í,768
04/25,12,cȂ,4,,750
04/25,12,cȂ,5,՗t,587
04/25,12,cȂ,6,C,573
04/25,12,cȂ,7,ޏ,406
04/25,12,cȂ,8,Ǔ,400
04/25,12,cȂ,9,Sq,362
04/25,12,cȂ,10,,316
04/25,13,cȂ,1,b,27813
04/25,13,cȂ,2,ގq,26943
04/25,13,cȂ,3,Í,771
04/25,13,cȂ,4,,750
04/25,13,cȂ,5,՗t,603
04/25,13,cȂ,6,C,576
04/25,13,cȂ,7,Sq,416
04/25,13,cȂ,8,ޏ,406
04/25,13,cȂ,9,Ǔ,400
04/25,13,cȂ,10,,317
04/25,14,cȂ,1,b,27835
04/25,14,cȂ,2,ގq,27088
04/25,14,cȂ,3,Í,790
04/25,14,cȂ,4,,750
04/25,14,cȂ,5,՗t,603
04/25,14,cȂ,6,C,576
04/25,14,cȂ,7,Sq,431
04/25,14,cȂ,8,ޏ,406
04/25,14,cȂ,9,Ǔ,400
04/25,14,cȂ,10,,317
04/25,15,cȂ,1,b,27981
04/25,15,cȂ,2,ގq,27130
04/25,15,cȂ,3,Í,792
04/25,15,cȂ,4,,752
04/25,15,cȂ,5,՗t,603
04/25,15,cȂ,6,C,576
04/25,15,cȂ,7,Sq,431
04/25,15,cȂ,8,ޏ,417
04/25,15,cȂ,9,Ǔ,400
04/25,15,cȂ,10,,317
04/25,16,cȂ,1,b,28084
04/25,16,cȂ,2,ގq,27187
04/25,16,cȂ,3,Í,792
04/25,16,cȂ,4,,753
04/25,16,cȂ,5,՗t,603
04/25,16,cȂ,6,C,576
04/25,16,cȂ,7,ޏ,433
04/25,16,cȂ,8,Sq,431
04/25,16,cȂ,9,Ǔ,401
04/25,16,cȂ,10,,317
04/25,17,cȂ,1,b,28316
04/25,17,cȂ,2,ގq,27301
04/25,17,cȂ,3,Í,793
04/25,17,cȂ,4,,753
04/25,17,cȂ,5,՗t,603
04/25,17,cȂ,6,C,576
04/25,17,cȂ,7,ޏ,434
04/25,17,cȂ,8,Sq,431
04/25,17,cȂ,9,Ǔ,402
04/25,17,cȂ,10,,317
04/25,18,cȂ,1,b,28479
04/25,18,cȂ,2,ގq,27376
04/25,18,cȂ,3,Í,859
04/25,18,cȂ,4,,758
04/25,18,cȂ,5,՗t,604
04/25,18,cȂ,6,C,578
04/25,18,cȂ,7,ޏ,434
04/25,18,cȂ,8,Sq,433
04/25,18,cȂ,9,Ǔ,402
04/25,18,cȂ,10,,317
04/25,19,cȂ,1,b,28514
04/25,19,cȂ,2,ގq,27406
04/25,19,cȂ,3,Í,869
04/25,19,cȂ,4,,772
04/25,19,cȂ,5,՗t,604
04/25,19,cȂ,6,C,578
04/25,19,cȂ,7,ޏ,434
04/25,19,cȂ,8,Sq,433
04/25,19,cȂ,9,Ǔ,403
04/25,19,cȂ,10,,317
04/25,20,cȂ,1,b,28627
04/25,20,cȂ,2,ގq,27600
04/25,20,cȂ,3,Í,870
04/25,20,cȂ,4,,772
04/25,20,cȂ,5,՗t,606
04/25,20,cȂ,6,C,578
04/25,20,cȂ,7,Sq,448
04/25,20,cȂ,8,ޏ,444
04/25,20,cȂ,9,Ǔ,405
04/25,20,cȂ,10,,317
04/25,21,cȂ,1,b,28909
04/25,21,cȂ,2,ގq,27713
04/25,21,cȂ,3,Í,870
04/25,21,cȂ,4,,772
04/25,21,cȂ,5,՗t,606
04/25,21,cȂ,6,C,578
04/25,21,cȂ,7,Sq,450
04/25,21,cȂ,8,ޏ,444
04/25,21,cȂ,9,Ǔ,406
04/25,21,cȂ,10,,317
04/25,22,cȂ,1,b,29064
04/25,22,cȂ,2,ގq,27772
04/25,22,cȂ,3,Í,872
04/25,22,cȂ,4,,854
04/25,22,cȂ,5,՗t,633
04/25,22,cȂ,6,C,586
04/25,22,cȂ,7,Sq,455
04/25,22,cȂ,8,ޏ,444
04/25,22,cȂ,9,Ǔ,406
04/25,22,cȂ,10,,317
04/25,23,cȂ,1,b,29352
04/25,23,cȂ,2,ގq,27897
04/25,23,cȂ,3,Í,875
04/25,23,cȂ,4,,854
04/25,23,cȂ,5,՗t,638
04/25,23,cȂ,6,C,586
04/25,23,cȂ,7,ޏ,484
04/25,23,cȂ,8,Sq,455
04/25,23,cȂ,9,Ǔ,408
04/25,23,cȂ,10,,317
04/26,0,cȂ,1,b,29598
04/26,0,cȂ,2,ގq,28169
04/26,0,cȂ,3,Í,879
04/26,0,cȂ,4,,854
04/26,0,cȂ,5,՗t,639
04/26,0,cȂ,6,C,587
04/26,0,cȂ,7,ޏ,485
04/26,0,cȂ,8,Sq,455
04/26,0,cȂ,9,Ǔ,419
04/26,0,cȂ,10,,317
04/26,1,cȂ,1,b,30067
04/26,1,cȂ,2,ގq,28424
04/26,1,cȂ,3,,910
04/26,1,cȂ,4,Í,893
04/26,1,cȂ,5,՗t,646
04/26,1,cȂ,6,C,587
04/26,1,cȂ,7,ޏ,494
04/26,1,cȂ,8,Sq,455
04/26,1,cȂ,9,Ǔ,419
04/26,1,cȂ,10,,317
04/26,2,cȂ,1,b,30204
04/26,2,cȂ,2,ގq,28496
04/26,2,cȂ,3,,934
04/26,2,cȂ,4,Í,895
04/26,2,cȂ,5,՗t,646
04/26,2,cȂ,6,C,587
04/26,2,cȂ,7,ޏ,494
04/26,2,cȂ,8,Sq,455
04/26,2,cȂ,9,Ǔ,419
04/26,2,cȂ,10,,318
04/26,3,cȂ,1,b,30225
04/26,3,cȂ,2,ގq,28572
04/26,3,cȂ,3,,934
04/26,3,cȂ,4,Í,910
04/26,3,cȂ,5,՗t,646
04/26,3,cȂ,6,C,587
04/26,3,cȂ,7,ޏ,495
04/26,3,cȂ,8,Sq,455
04/26,3,cȂ,9,Ǔ,420
04/26,3,cȂ,10,,318
04/26,4,cȂ,1,b,30229
04/26,4,cȂ,2,ގq,28584
04/26,4,cȂ,3,,934
04/26,4,cȂ,4,Í,910
04/26,4,cȂ,5,՗t,646
04/26,4,cȂ,6,C,587
04/26,4,cȂ,7,ޏ,495
04/26,4,cȂ,8,Sq,455
04/26,4,cȂ,9,Ǔ,420
04/26,4,cȂ,10,,318
04/26,5,cȂ,1,b,30249
04/26,5,cȂ,2,ގq,28619
04/26,5,cȂ,3,,936
04/26,5,cȂ,4,Í,911
04/26,5,cȂ,5,՗t,646
04/26,5,cȂ,6,C,587
04/26,5,cȂ,7,ޏ,495
04/26,5,cȂ,8,Sq,455
04/26,5,cȂ,9,Ǔ,420
04/26,5,cȂ,10,,318
04/26,6,cȂ,1,b,30267
04/26,6,cȂ,2,ގq,28626
04/26,6,cȂ,3,,937
04/26,6,cȂ,4,Í,911
04/26,6,cȂ,5,՗t,646
04/26,6,cȂ,6,C,587
04/26,6,cȂ,7,ޏ,495
04/26,6,cȂ,8,Sq,455
04/26,6,cȂ,9,Ǔ,420
04/26,6,cȂ,10,,318
04/26,7,cȂ,1,b,30316
04/26,7,cȂ,2,ގq,28647
04/26,7,cȂ,3,,946
04/26,7,cȂ,4,Í,911
04/26,7,cȂ,5,՗t,646
04/26,7,cȂ,6,C,587
04/26,7,cȂ,7,ޏ,496
04/26,7,cȂ,8,Sq,455
04/26,7,cȂ,9,Ǔ,420
04/26,7,cȂ,10,,319
04/26,8,cȂ,1,b,30412
04/26,8,cȂ,2,ގq,28700
04/26,8,cȂ,3,,946
04/26,8,cȂ,4,Í,926
04/26,8,cȂ,5,՗t,646
04/26,8,cȂ,6,C,587
04/26,8,cȂ,7,ޏ,496
04/26,8,cȂ,8,Sq,455
04/26,8,cȂ,9,Ǔ,421
04/26,8,cȂ,10,,320
04/26,9,cȂ,1,b,30497
04/26,9,cȂ,2,ގq,28860
04/26,9,cȂ,3,,967
04/26,9,cȂ,4,Í,927
04/26,9,cȂ,5,՗t,646
04/26,9,cȂ,6,C,587
04/26,9,cȂ,7,ޏ,497
04/26,9,cȂ,8,Sq,456
04/26,9,cȂ,9,Ǔ,442
04/26,9,cȂ,10,,320
04/26,10,cȂ,1,b,30626
04/26,10,cȂ,2,ގq,28977
04/26,10,cȂ,3,,987
04/26,10,cȂ,4,Í,927
04/26,10,cȂ,5,՗t,646
04/26,10,cȂ,6,C,587
04/26,10,cȂ,7,ޏ,497
04/26,10,cȂ,8,Sq,457
04/26,10,cȂ,9,Ǔ,443
04/26,10,cȂ,10,,321
04/26,11,cȂ,1,b,30724
04/26,11,cȂ,2,ގq,28997
04/26,11,cȂ,3,,987
04/26,11,cȂ,4,Í,927
04/26,11,cȂ,5,՗t,646
04/26,11,cȂ,6,C,599
04/26,11,cȂ,7,ޏ,497
04/26,11,cȂ,8,Sq,458
04/26,11,cȂ,9,Ǔ,443
04/26,11,cȂ,10,,321
04/26,12,cȂ,1,b,30835
04/26,12,cȂ,2,ގq,29040
04/26,12,cȂ,3,,988
04/26,12,cȂ,4,Í,931
04/26,12,cȂ,5,՗t,646
04/26,12,cȂ,6,C,599
04/26,12,cȂ,7,ޏ,497
04/26,12,cȂ,8,Sq,459
04/26,12,cȂ,9,Ǔ,443
04/26,12,cȂ,10,,322
04/26,13,cȂ,1,b,30932
04/26,13,cȂ,2,ގq,29073
04/26,13,cȂ,3,,988
04/26,13,cȂ,4,Í,931
04/26,13,cȂ,5,՗t,646
04/26,13,cȂ,6,C,605
04/26,13,cȂ,7,ޏ,497
04/26,13,cȂ,8,Sq,460
04/26,13,cȂ,9,Ǔ,443
04/26,13,cȂ,10,,322
04/26,14,cȂ,1,b,30954
04/26,14,cȂ,2,ގq,29160
04/26,14,cȂ,3,,988
04/26,14,cȂ,4,Í,936
04/26,14,cȂ,5,՗t,647
04/26,14,cȂ,6,C,605
04/26,14,cȂ,7,ޏ,497
04/26,14,cȂ,8,Sq,460
04/26,14,cȂ,9,Ǔ,444
04/26,14,cȂ,10,,323
04/26,15,cȂ,1,b,30963
04/26,15,cȂ,2,ގq,29239
04/26,15,cȂ,3,,990
04/26,15,cȂ,4,Í,936
04/26,15,cȂ,5,՗t,652
04/26,15,cȂ,6,C,605
04/26,15,cȂ,7,ޏ,497
04/26,15,cȂ,8,Sq,460
04/26,15,cȂ,9,Ǔ,444
04/26,15,cȂ,10,,323
04/26,16,cȂ,1,b,31020
04/26,16,cȂ,2,ގq,29432
04/26,16,cȂ,3,,990
04/26,16,cȂ,4,Í,937
04/26,16,cȂ,5,՗t,652
04/26,16,cȂ,6,C,605
04/26,16,cȂ,7,ޏ,497
04/26,16,cȂ,8,Ǔ,476
04/26,16,cȂ,9,Sq,460
04/26,16,cȂ,10,,323
04/26,17,cȂ,1,b,31090
04/26,17,cȂ,2,ގq,29637
04/26,17,cȂ,3,,994
04/26,17,cȂ,4,Í,938
04/26,17,cȂ,5,՗t,652
04/26,17,cȂ,6,C,605
04/26,17,cȂ,7,ޏ,497
04/26,17,cȂ,8,Ǔ,476
04/26,17,cȂ,9,Sq,460
04/26,17,cȂ,10,,323
04/26,18,cȂ,1,b,31155
04/26,18,cȂ,2,ގq,29668
04/26,18,cȂ,3,,994
04/26,18,cȂ,4,Í,938
04/26,18,cȂ,5,՗t,652
04/26,18,cȂ,6,C,606
04/26,18,cȂ,7,ޏ,517
04/26,18,cȂ,8,Ǔ,477
04/26,18,cȂ,9,Sq,460
04/26,18,cȂ,10,,323
04/26,19,cȂ,1,b,31201
04/26,19,cȂ,2,ގq,29713
04/26,19,cȂ,3,,994
04/26,19,cȂ,4,Í,940
04/26,19,cȂ,5,՗t,669
04/26,19,cȂ,6,C,606
04/26,19,cȂ,7,ޏ,574
04/26,19,cȂ,8,Ǔ,477
04/26,19,cȂ,9,Sq,461
04/26,19,cȂ,10,,323
04/26,20,cȂ,1,b,31293
04/26,20,cȂ,2,ގq,29782
04/26,20,cȂ,3,,995
04/26,20,cȂ,4,Í,940
04/26,20,cȂ,5,՗t,673
04/26,20,cȂ,6,C,616
04/26,20,cȂ,7,ޏ,574
04/26,20,cȂ,8,Ǔ,478
04/26,20,cȂ,9,Sq,461
04/26,20,cȂ,10,,323
04/26,21,cȂ,1,b,31397
04/26,21,cȂ,2,ގq,29819
04/26,21,cȂ,3,,995
04/26,21,cȂ,4,Í,955
04/26,21,cȂ,5,՗t,679
04/26,21,cȂ,6,C,619
04/26,21,cȂ,7,ޏ,580
04/26,21,cȂ,8,Ǔ,478
04/26,21,cȂ,9,Sq,463
04/26,21,cȂ,10,,323
04/26,22,cȂ,1,b,31510
04/26,22,cȂ,2,ގq,29947
04/26,22,cȂ,3,,996
04/26,22,cȂ,4,Í,960
04/26,22,cȂ,5,՗t,679
04/26,22,cȂ,6,C,619
04/26,22,cȂ,7,ޏ,580
04/26,22,cȂ,8,Ǔ,478
04/26,22,cȂ,9,Sq,463
04/26,22,cȂ,10,,324
04/26,23,cȂ,1,b,31687
04/26,23,cȂ,2,ގq,30155
04/26,23,cȂ,3,,997
04/26,23,cȂ,4,Í,993
04/26,23,cȂ,5,՗t,692
04/26,23,cȂ,6,C,619
04/26,23,cȂ,7,ޏ,580
04/26,23,cȂ,8,Ǔ,478
04/26,23,cȂ,9,Sq,468
04/26,23,cȂ,10,,329
04/27,0,cȂ,1,b,31970
04/27,0,cȂ,2,ގq,30470
04/27,0,cȂ,3,,1004
04/27,0,cȂ,4,Í,1000
04/27,0,cȂ,5,C,707
04/27,0,cȂ,6,՗t,696
04/27,0,cȂ,7,ޏ,580
04/27,0,cȂ,8,Sq,481
04/27,0,cȂ,9,Ǔ,478
04/27,0,cȂ,10,,329
04/27,1,cȂ,1,b,32232
04/27,1,cȂ,2,ގq,30643
04/27,1,cȂ,3,,1007
04/27,1,cȂ,4,Í,1002
04/27,1,cȂ,5,C,714
04/27,1,cȂ,6,՗t,701
04/27,1,cȂ,7,ޏ,586
04/27,1,cȂ,8,Sq,484
04/27,1,cȂ,9,Ǔ,482
04/27,1,cȂ,10,,349
04/27,2,cȂ,1,b,32324
04/27,2,cȂ,2,ގq,30891
04/27,2,cȂ,3,,1007
04/27,2,cȂ,4,Í,1006
04/27,2,cȂ,5,C,714
04/27,2,cȂ,6,՗t,704
04/27,2,cȂ,7,ޏ,586
04/27,2,cȂ,8,Ǔ,485
04/27,2,cȂ,9,Sq,484
04/27,2,cȂ,10,,352
04/27,3,cȂ,1,b,32401
04/27,3,cȂ,2,ގq,31156
04/27,3,cȂ,3,Í,1017
04/27,3,cȂ,4,,1007
04/27,3,cȂ,5,C,714
04/27,3,cȂ,6,՗t,704
04/27,3,cȂ,7,ޏ,600
04/27,3,cȂ,8,Sq,493
04/27,3,cȂ,9,Ǔ,486
04/27,3,cȂ,10,,358
04/27,4,cȂ,1,b,32472
04/27,4,cȂ,2,ގq,31278
04/27,4,cȂ,3,Í,1018
04/27,4,cȂ,4,,1007
04/27,4,cȂ,5,C,714
04/27,4,cȂ,6,՗t,704
04/27,4,cȂ,7,ޏ,600
04/27,4,cȂ,8,Sq,497
04/27,4,cȂ,9,Ǔ,486
04/27,4,cȂ,10,,359
04/27,5,cȂ,1,b,32505
04/27,5,cȂ,2,ގq,31351
04/27,5,cȂ,3,Í,1018
04/27,5,cȂ,4,,1008
04/27,5,cȂ,5,C,714
04/27,5,cȂ,6,՗t,704
04/27,5,cȂ,7,ޏ,600
04/27,5,cȂ,8,Sq,497
04/27,5,cȂ,9,Ǔ,486
04/27,5,cȂ,10,,359
04/27,6,cȂ,1,b,32515
04/27,6,cȂ,2,ގq,31438
04/27,6,cȂ,3,Í,1018
04/27,6,cȂ,4,,1008
04/27,6,cȂ,5,C,715
04/27,6,cȂ,6,՗t,704
04/27,6,cȂ,7,ޏ,600
04/27,6,cȂ,8,Sq,497
04/27,6,cȂ,9,Ǔ,486
04/27,6,cȂ,10,,359
04/27,7,cȂ,1,b,32588
04/27,7,cȂ,2,ގq,31497
04/27,7,cȂ,3,Í,1020
04/27,7,cȂ,4,,1013
04/27,7,cȂ,5,C,715
04/27,7,cȂ,6,՗t,704
04/27,7,cȂ,7,ޏ,605
04/27,7,cȂ,8,Sq,502
04/27,7,cȂ,9,Ǔ,486
04/27,7,cȂ,10,,361
04/27,8,cȂ,1,b,32667
04/27,8,cȂ,2,ގq,31550
04/27,8,cȂ,3,Í,1021
04/27,8,cȂ,4,,1013
04/27,8,cȂ,5,C,715
04/27,8,cȂ,6,՗t,710
04/27,8,cȂ,7,ޏ,605
04/27,8,cȂ,8,Sq,507
04/27,8,cȂ,9,Ǔ,486
04/27,8,cȂ,10,,361
04/27,9,cȂ,1,b,32758
04/27,9,cȂ,2,ގq,31616
04/27,9,cȂ,3,Í,1021
04/27,9,cȂ,4,,1014
04/27,9,cȂ,5,՗t,719
04/27,9,cȂ,6,C,716
04/27,9,cȂ,7,ޏ,605
04/27,9,cȂ,8,Sq,507
04/27,9,cȂ,9,Ǔ,486
04/27,9,cȂ,10,,361
04/27,10,cȂ,1,b,32881
04/27,10,cȂ,2,ގq,31768
04/27,10,cȂ,3,Í,1022
04/27,10,cȂ,4,,1015
04/27,10,cȂ,5,՗t,719
04/27,10,cȂ,6,C,716
04/27,10,cȂ,7,ޏ,605
04/27,10,cȂ,8,Sq,507
04/27,10,cȂ,9,Ǔ,488
04/27,10,cȂ,10,,363
04/27,11,cȂ,1,b,32966
04/27,11,cȂ,2,ގq,31811
04/27,11,cȂ,3,Í,1022
04/27,11,cȂ,4,,1016
04/27,11,cȂ,5,՗t,719
04/27,11,cȂ,6,C,716
04/27,11,cȂ,7,ޏ,606
04/27,11,cȂ,8,Sq,514
04/27,11,cȂ,9,Ǔ,497
04/27,11,cȂ,10,,364
04/27,12,cȂ,1,b,33057
04/27,12,cȂ,2,ގq,31850
04/27,12,cȂ,3,Í,1022
04/27,12,cȂ,4,,1016
04/27,12,cȂ,5,՗t,719
04/27,12,cȂ,6,C,717
04/27,12,cȂ,7,ޏ,606
04/27,12,cȂ,8,Sq,514
04/27,12,cȂ,9,Ǔ,497
04/27,12,cȂ,10,,364
04/27,13,cȂ,1,b,33130
04/27,13,cȂ,2,ގq,31947
04/27,13,cȂ,3,Í,1022
04/27,13,cȂ,4,,1016
04/27,13,cȂ,5,՗t,722
04/27,13,cȂ,6,C,717
04/27,13,cȂ,7,ޏ,606
04/27,13,cȂ,8,Sq,514
04/27,13,cȂ,9,Ǔ,499
04/27,13,cȂ,10,,364
04/27,14,cȂ,1,b,33164
04/27,14,cȂ,2,ގq,31973
04/27,14,cȂ,3,Í,1022
04/27,14,cȂ,4,,1016
04/27,14,cȂ,5,՗t,722
04/27,14,cȂ,6,C,717
04/27,14,cȂ,7,ޏ,606
04/27,14,cȂ,8,Sq,515
04/27,14,cȂ,9,Ǔ,499
04/27,14,cȂ,10,,367
04/27,15,cȂ,1,b,33249
04/27,15,cȂ,2,ގq,32041
04/27,15,cȂ,3,Í,1023
04/27,15,cȂ,4,,1016
04/27,15,cȂ,5,C,747
04/27,15,cȂ,6,՗t,722
04/27,15,cȂ,7,ޏ,606
04/27,15,cȂ,8,Sq,515
04/27,15,cȂ,9,Ǔ,499
04/27,15,cȂ,10,,367
04/27,16,cȂ,1,b,33255
04/27,16,cȂ,2,ގq,32175
04/27,16,cȂ,3,Í,1023
04/27,16,cȂ,4,,1016
04/27,16,cȂ,5,C,747
04/27,16,cȂ,6,՗t,727
04/27,16,cȂ,7,ޏ,606
04/27,16,cȂ,8,Sq,515
04/27,16,cȂ,9,Ǔ,499
04/27,16,cȂ,10,,369
04/27,17,cȂ,1,b,33288
04/27,17,cȂ,2,ގq,32182
04/27,17,cȂ,3,Í,1023
04/27,17,cȂ,4,,1017
04/27,17,cȂ,5,C,748
04/27,17,cȂ,6,՗t,727
04/27,17,cȂ,7,ޏ,606
04/27,17,cȂ,8,Sq,515
04/27,17,cȂ,9,Ǔ,499
04/27,17,cȂ,10,,369
04/27,18,cȂ,1,b,33351
04/27,18,cȂ,2,ގq,32237
04/27,18,cȂ,3,Í,1026
04/27,18,cȂ,4,,1017
04/27,18,cȂ,5,C,752
04/27,18,cȂ,6,՗t,727
04/27,18,cȂ,7,ޏ,606
04/27,18,cȂ,8,Sq,515
04/27,18,cȂ,9,Ǔ,499
04/27,18,cȂ,10,,369
04/27,19,cȂ,1,b,33409
04/27,19,cȂ,2,ގq,32280
04/27,19,cȂ,3,,1027
04/27,19,cȂ,4,Í,1026
04/27,19,cȂ,5,C,752
04/27,19,cȂ,6,՗t,727
04/27,19,cȂ,7,ޏ,606
04/27,19,cȂ,8,Sq,516
04/27,19,cȂ,9,Ǔ,499
04/27,19,cȂ,10,,369
04/27,20,cȂ,1,b,33505
04/27,20,cȂ,2,ގq,32409
04/27,20,cȂ,3,,1033
04/27,20,cȂ,4,Í,1026
04/27,20,cȂ,5,C,752
04/27,20,cȂ,6,՗t,727
04/27,20,cȂ,7,ޏ,606
04/27,20,cȂ,8,Sq,516
04/27,20,cȂ,9,Ǔ,499
04/27,20,cȂ,10,,369
04/27,21,cȂ,1,b,33583
04/27,21,cȂ,2,ގq,32546
04/27,21,cȂ,3,,1050
04/27,21,cȂ,4,Í,1026
04/27,21,cȂ,5,C,752
04/27,21,cȂ,6,՗t,730
04/27,21,cȂ,7,ޏ,606
04/27,21,cȂ,8,Sq,517
04/27,21,cȂ,9,Ǔ,499
04/27,21,cȂ,10,,369
04/27,22,cȂ,1,b,33851
04/27,22,cȂ,2,ގq,32719
04/27,22,cȂ,3,,1051
04/27,22,cȂ,4,Í,1026
04/27,22,cȂ,5,C,754
04/27,22,cȂ,6,՗t,736
04/27,22,cȂ,7,ޏ,606
04/27,22,cȂ,8,Sq,518
04/27,22,cȂ,9,Ǔ,501
04/27,22,cȂ,10,,373
04/27,23,cȂ,1,b,33987
04/27,23,cȂ,2,ގq,32957
04/27,23,cȂ,3,,1052
04/27,23,cȂ,4,Í,1047
04/27,23,cȂ,5,C,754
04/27,23,cȂ,6,՗t,736
04/27,23,cȂ,7,ޏ,607
04/27,23,cȂ,8,Sq,519
04/27,23,cȂ,9,Ǔ,502
04/27,23,cȂ,10,,373
04/28,0,cȂ,1,b,34240
04/28,0,cȂ,2,ގq,33505
04/28,0,cȂ,3,,1053
04/28,0,cȂ,4,Í,1049
04/28,0,cȂ,5,C,755
04/28,0,cȂ,6,՗t,741
04/28,0,cȂ,7,ޏ,607
04/28,0,cȂ,8,Sq,521
04/28,0,cȂ,9,Ǔ,503
04/28,0,cȂ,10,,379
04/28,1,cȂ,1,b,34404
04/28,1,cȂ,2,ގq,33793
04/28,1,cȂ,3,,1061
04/28,1,cȂ,4,Í,1049
04/28,1,cȂ,5,C,759
04/28,1,cȂ,6,՗t,751
04/28,1,cȂ,7,ޏ,607
04/28,1,cȂ,8,Sq,521
04/28,1,cȂ,9,Ǔ,503
04/28,1,cȂ,10,,379
04/28,2,cȂ,1,b,34632
04/28,2,cȂ,2,ގq,33955
04/28,2,cȂ,3,,1063
04/28,2,cȂ,4,Í,1049
04/28,2,cȂ,5,C,759
04/28,2,cȂ,6,՗t,751
04/28,2,cȂ,7,ޏ,622
04/28,2,cȂ,8,Sq,521
04/28,2,cȂ,9,Ǔ,503
04/28,2,cȂ,10,,389
04/28,3,cȂ,1,b,34649
04/28,3,cȂ,2,ގq,34006
04/28,3,cȂ,3,,1083
04/28,3,cȂ,4,Í,1059
04/28,3,cȂ,5,C,759
04/28,3,cȂ,6,՗t,751
04/28,3,cȂ,7,ޏ,622
04/28,3,cȂ,8,Sq,521
04/28,3,cȂ,9,Ǔ,503
04/28,3,cȂ,10,,410
04/28,4,cȂ,1,b,34829
04/28,4,cȂ,2,ގq,34241
04/28,4,cȂ,3,,1083
04/28,4,cȂ,4,Í,1060
04/28,4,cȂ,5,C,759
04/28,4,cȂ,6,՗t,751
04/28,4,cȂ,7,ޏ,622
04/28,4,cȂ,8,Sq,522
04/28,4,cȂ,9,Ǔ,504
04/28,4,cȂ,10,,410
04/28,5,cȂ,1,b,34896
04/28,5,cȂ,2,ގq,34355
04/28,5,cȂ,3,,1084
04/28,5,cȂ,4,Í,1061
04/28,5,cȂ,5,C,759
04/28,5,cȂ,6,՗t,751
04/28,5,cȂ,7,ޏ,622
04/28,5,cȂ,8,Sq,522
04/28,5,cȂ,9,Ǔ,514
04/28,5,cȂ,10,,410
04/28,6,cȂ,1,b,34907
04/28,6,cȂ,2,ގq,34359
04/28,6,cȂ,3,,1084
04/28,6,cȂ,4,Í,1061
04/28,6,cȂ,5,C,759
04/28,6,cȂ,6,՗t,752
04/28,6,cȂ,7,ޏ,626
04/28,6,cȂ,8,Sq,522
04/28,6,cȂ,9,Ǔ,514
04/28,6,cȂ,10,,410
04/28,7,cȂ,1,b,35010
04/28,7,cȂ,2,ގq,34377
04/28,7,cȂ,3,,1090
04/28,7,cȂ,4,Í,1065
04/28,7,cȂ,5,C,759
04/28,7,cȂ,6,՗t,752
04/28,7,cȂ,7,ޏ,626
04/28,7,cȂ,8,Sq,522
04/28,7,cȂ,9,Ǔ,514
04/28,7,cȂ,10,,410
04/28,8,cȂ,1,b,35074
04/28,8,cȂ,2,ގq,34500
04/28,8,cȂ,3,,1090
04/28,8,cȂ,4,Í,1069
04/28,8,cȂ,5,C,759
04/28,8,cȂ,6,՗t,752
04/28,8,cȂ,7,ޏ,627
04/28,8,cȂ,8,Sq,524
04/28,8,cȂ,9,Ǔ,514
04/28,8,cȂ,10,,411
04/28,9,cȂ,1,b,35247
04/28,9,cȂ,2,ގq,34622
04/28,9,cȂ,3,,1141
04/28,9,cȂ,4,Í,1072
04/28,9,cȂ,5,՗t,763
04/28,9,cȂ,6,C,759
04/28,9,cȂ,7,ޏ,627
04/28,9,cȂ,8,Sq,524
04/28,9,cȂ,9,Ǔ,514
04/28,9,cȂ,10,,412
04/28,10,cȂ,1,b,35374
04/28,10,cȂ,2,ގq,34631
04/28,10,cȂ,3,,1174
04/28,10,cȂ,4,Í,1072
04/28,10,cȂ,5,՗t,763
04/28,10,cȂ,6,C,760
04/28,10,cȂ,7,ޏ,627
04/28,10,cȂ,8,Sq,524
04/28,10,cȂ,9,Ǔ,514
04/28,10,cȂ,10,,412
04/28,11,cȂ,1,b,35403
04/28,11,cȂ,2,ގq,34740
04/28,11,cȂ,3,,1176
04/28,11,cȂ,4,Í,1073
04/28,11,cȂ,5,՗t,777
04/28,11,cȂ,6,C,760
04/28,11,cȂ,7,ޏ,627
04/28,11,cȂ,8,Sq,540
04/28,11,cȂ,9,Ǔ,514
04/28,11,cȂ,10,,412
04/28,12,cȂ,1,b,35499
04/28,12,cȂ,2,ގq,34784
04/28,12,cȂ,3,,1179
04/28,12,cȂ,4,Í,1074
04/28,12,cȂ,5,՗t,779
04/28,12,cȂ,6,C,760
04/28,12,cȂ,7,ޏ,627
04/28,12,cȂ,8,Sq,540
04/28,12,cȂ,9,Ǔ,514
04/28,12,cȂ,10,,413
04/28,13,cȂ,1,b,35560
04/28,13,cȂ,2,ގq,34872
04/28,13,cȂ,3,,1179
04/28,13,cȂ,4,Í,1075
04/28,13,cȂ,5,՗t,780
04/28,13,cȂ,6,C,760
04/28,13,cȂ,7,ޏ,627
04/28,13,cȂ,8,Sq,540
04/28,13,cȂ,9,Ǔ,514
04/28,13,cȂ,10,,423
04/28,14,cȂ,1,b,35691
04/28,14,cȂ,2,ގq,35087
04/28,14,cȂ,3,,1189
04/28,14,cȂ,4,Í,1075
04/28,14,cȂ,5,՗t,780
04/28,14,cȂ,6,C,760
04/28,14,cȂ,7,ޏ,627
04/28,14,cȂ,8,Sq,542
04/28,14,cȂ,9,Ǔ,514
04/28,14,cȂ,10,,424
04/28,15,cȂ,1,b,35791
04/28,15,cȂ,2,ގq,35199
04/28,15,cȂ,3,,1190
04/28,15,cȂ,4,Í,1076
04/28,15,cȂ,5,՗t,781
04/28,15,cȂ,6,C,766
04/28,15,cȂ,7,ޏ,628
04/28,15,cȂ,8,Sq,543
04/28,15,cȂ,9,Ǔ,515
04/28,15,cȂ,10,,425
04/28,16,cȂ,1,b,35857
04/28,16,cȂ,2,ގq,35235
04/28,16,cȂ,3,,1190
04/28,16,cȂ,4,Í,1076
04/28,16,cȂ,5,՗t,781
04/28,16,cȂ,6,C,766
04/28,16,cȂ,7,ޏ,715
04/28,16,cȂ,8,Sq,553
04/28,16,cȂ,9,Ǔ,516
04/28,16,cȂ,10,,425
04/28,17,cȂ,1,b,35890
04/28,17,cȂ,2,ގq,35403
04/28,17,cȂ,3,,1190
04/28,17,cȂ,4,Í,1076
04/28,17,cȂ,5,՗t,781
04/28,17,cȂ,6,C,766
04/28,17,cȂ,7,ޏ,715
04/28,17,cȂ,8,Sq,553
04/28,17,cȂ,9,Ǔ,516
04/28,17,cȂ,10,,430
04/28,18,cȂ,1,b,35978
04/28,18,cȂ,2,ގq,35562
04/28,18,cȂ,3,,1190
04/28,18,cȂ,4,Í,1076
04/28,18,cȂ,5,՗t,786
04/28,18,cȂ,6,C,766
04/28,18,cȂ,7,ޏ,715
04/28,18,cȂ,8,Sq,563
04/28,18,cȂ,9,Ǔ,517
04/28,18,cȂ,10,,431
04/28,19,cȂ,1,b,36014
04/28,19,cȂ,2,ގq,35866
04/28,19,cȂ,3,,1190
04/28,19,cȂ,4,Í,1076
04/28,19,cȂ,5,՗t,787
04/28,19,cȂ,6,C,768
04/28,19,cȂ,7,ޏ,715
04/28,19,cȂ,8,Sq,563
04/28,19,cȂ,9,Ǔ,517
04/28,19,cȂ,10,,431
04/28,20,cȂ,1,b,36032
04/28,20,cȂ,2,ގq,35882
04/28,20,cȂ,3,,1199
04/28,20,cȂ,4,Í,1077
04/28,20,cȂ,5,՗t,787
04/28,20,cȂ,6,C,768
04/28,20,cȂ,7,ޏ,715
04/28,20,cȂ,8,Sq,563
04/28,20,cȂ,9,Ǔ,517
04/28,20,cȂ,10,,432
04/28,21,cȂ,1,ގq,36390
04/28,21,cȂ,2,b,36311
04/28,21,cȂ,3,,1219
04/28,21,cȂ,4,Í,1077
04/28,21,cȂ,5,՗t,787
04/28,21,cȂ,6,C,768
04/28,21,cȂ,7,ޏ,716
04/28,21,cȂ,8,Sq,564
04/28,21,cȂ,9,Ǔ,517
04/28,21,cȂ,10,,436
04/28,22,cȂ,1,b,37187
04/28,22,cȂ,2,ގq,36807
04/28,22,cȂ,3,,1255
04/28,22,cȂ,4,Í,1087
04/28,22,cȂ,5,՗t,793
04/28,22,cȂ,6,C,775
04/28,22,cȂ,7,ޏ,716
04/28,22,cȂ,8,Sq,565
04/28,22,cȂ,9,Ǔ,521
04/28,22,cȂ,10,,439
04/29,0,cȂ,1,b,37459
04/29,0,cȂ,2,ގq,36988
04/29,0,cȂ,3,,1277
04/29,0,cȂ,4,Í,1087
04/29,0,cȂ,5,՗t,796
04/29,0,cȂ,6,C,775
04/29,0,cȂ,7,ޏ,720
04/29,0,cȂ,8,Sq,568
04/29,0,cȂ,9,Ǔ,524
04/29,0,cȂ,10,,440
04/29,1,cȂ,1,b,37758
04/29,1,cȂ,2,ގq,37120
04/29,1,cȂ,3,,1277
04/29,1,cȂ,4,Í,1094
04/29,1,cȂ,5,՗t,798
04/29,1,cȂ,6,C,778
04/29,1,cȂ,7,ޏ,720
04/29,1,cȂ,8,Sq,573
04/29,1,cȂ,9,Ǔ,524
04/29,1,cȂ,10,,441
04/29,2,cȂ,1,b,37825
04/29,2,cȂ,2,ގq,37185
04/29,2,cȂ,3,,1282
04/29,2,cȂ,4,Í,1094
04/29,2,cȂ,5,՗t,798
04/29,2,cȂ,6,C,778
04/29,2,cȂ,7,ޏ,720
04/29,2,cȂ,8,Sq,573
04/29,2,cȂ,9,Ǔ,527
04/29,2,cȂ,10,,441
04/29,3,cȂ,1,b,37943
04/29,3,cȂ,2,ގq,37335
04/29,3,cȂ,3,,1282
04/29,3,cȂ,4,Í,1094
04/29,3,cȂ,5,՗t,798
04/29,3,cȂ,6,C,779
04/29,3,cȂ,7,ޏ,720
04/29,3,cȂ,8,Sq,573
04/29,3,cȂ,9,Ǔ,527
04/29,3,cȂ,10,,441
04/29,4,cȂ,1,b,37969
04/29,4,cȂ,2,ގq,37499
04/29,4,cȂ,3,,1282
04/29,4,cȂ,4,Í,1097
04/29,4,cȂ,5,՗t,798
04/29,4,cȂ,6,C,779
04/29,4,cȂ,7,ޏ,720
04/29,4,cȂ,8,Sq,574
04/29,4,cȂ,9,Ǔ,527
04/29,4,cȂ,10,,442
04/29,5,cȂ,1,b,37984
04/29,5,cȂ,2,ގq,37534
04/29,5,cȂ,3,,1282
04/29,5,cȂ,4,Í,1097
04/29,5,cȂ,5,՗t,798
04/29,5,cȂ,6,C,779
04/29,5,cȂ,7,ޏ,720
04/29,5,cȂ,8,Sq,574
04/29,5,cȂ,9,Ǔ,527
04/29,5,cȂ,10,,442
04/29,6,cȂ,1,b,38109
04/29,6,cȂ,2,ގq,37572
04/29,6,cȂ,3,,1282
04/29,6,cȂ,4,Í,1097
04/29,6,cȂ,5,՗t,798
04/29,6,cȂ,6,C,779
04/29,6,cȂ,7,ޏ,744
04/29,6,cȂ,8,Sq,576
04/29,6,cȂ,9,Ǔ,527
04/29,6,cȂ,10,,442
04/29,7,cȂ,1,b,38117
04/29,7,cȂ,2,ގq,37587
04/29,7,cȂ,3,,1283
04/29,7,cȂ,4,Í,1097
04/29,7,cȂ,5,՗t,798
04/29,7,cȂ,6,C,779
04/29,7,cȂ,7,ޏ,744
04/29,7,cȂ,8,Sq,576
04/29,7,cȂ,9,Ǔ,527
04/29,7,cȂ,10,,442
04/29,8,cȂ,1,b,38265
04/29,8,cȂ,2,ގq,37649
04/29,8,cȂ,3,,1287
04/29,8,cȂ,4,Í,1102
04/29,8,cȂ,5,՗t,798
04/29,8,cȂ,6,C,780
04/29,8,cȂ,7,ޏ,744
04/29,8,cȂ,8,Sq,576
04/29,8,cȂ,9,Ǔ,529
04/29,8,cȂ,10,,443
04/29,9,cȂ,1,b,38449
04/29,9,cȂ,2,ގq,37799
04/29,9,cȂ,3,,1290
04/29,9,cȂ,4,Í,1103
04/29,9,cȂ,5,՗t,805
04/29,9,cȂ,6,C,780
04/29,9,cȂ,7,ޏ,770
04/29,9,cȂ,8,Sq,576
04/29,9,cȂ,9,Ǔ,529
04/29,9,cȂ,10,,470
04/29,10,cȂ,1,b,38523
04/29,10,cȂ,2,ގq,38095
04/29,10,cȂ,3,,1290
04/29,10,cȂ,4,Í,1108
04/29,10,cȂ,5,՗t,806
04/29,10,cȂ,6,C,780
04/29,10,cȂ,7,ޏ,770
04/29,10,cȂ,8,Sq,576
04/29,10,cȂ,9,Ǔ,530
04/29,10,cȂ,10,,470
04/29,11,cȂ,1,b,38741
04/29,11,cȂ,2,ގq,38159
04/29,11,cȂ,3,,1290
04/29,11,cȂ,4,Í,1108
04/29,11,cȂ,5,՗t,807
04/29,11,cȂ,6,C,780
04/29,11,cȂ,7,ޏ,770
04/29,11,cȂ,8,Sq,578
04/29,11,cȂ,9,Ǔ,530
04/29,11,cȂ,10,,470
04/29,12,cȂ,1,b,39002
04/29,12,cȂ,2,ގq,38308
04/29,12,cȂ,3,,1290
04/29,12,cȂ,4,Í,1117
04/29,12,cȂ,5,՗t,807
04/29,12,cȂ,6,C,780
04/29,12,cȂ,7,ޏ,770
04/29,12,cȂ,8,Sq,578
04/29,12,cȂ,9,Ǔ,531
04/29,12,cȂ,10,,471
04/29,13,cȂ,1,b,39151
04/29,13,cȂ,2,ގq,38441
04/29,13,cȂ,3,,1290
04/29,13,cȂ,4,Í,1117
04/29,13,cȂ,5,՗t,807
04/29,13,cȂ,6,C,780
04/29,13,cȂ,7,ޏ,770
04/29,13,cȂ,8,Sq,580
04/29,13,cȂ,9,Ǔ,531
04/29,13,cȂ,10,,471
04/29,14,cȂ,1,b,39259
04/29,14,cȂ,2,ގq,38487
04/29,14,cȂ,3,,1291
04/29,14,cȂ,4,Í,1117
04/29,14,cȂ,5,՗t,809
04/29,14,cȂ,6,C,780
04/29,14,cȂ,7,ޏ,770
04/29,14,cȂ,8,Sq,580
04/29,14,cȂ,9,Ǔ,531
04/29,14,cȂ,10,,471
04/29,15,cȂ,1,b,39354
04/29,15,cȂ,2,ގq,38522
04/29,15,cȂ,3,,1291
04/29,15,cȂ,4,Í,1117
04/29,15,cȂ,5,՗t,809
04/29,15,cȂ,6,C,780
04/29,15,cȂ,7,ޏ,770
04/29,15,cȂ,8,Sq,580
04/29,15,cȂ,9,Ǔ,532
04/29,15,cȂ,10,,471
04/29,16,cȂ,1,b,39386
04/29,16,cȂ,2,ގq,38554
04/29,16,cȂ,3,,1292
04/29,16,cȂ,4,Í,1118
04/29,16,cȂ,5,՗t,810
04/29,16,cȂ,6,C,780
04/29,16,cȂ,7,ޏ,770
04/29,16,cȂ,8,Sq,580
04/29,16,cȂ,9,Ǔ,532
04/29,16,cȂ,10,,481
04/29,17,cȂ,1,b,39541
04/29,17,cȂ,2,ގq,38561
04/29,17,cȂ,3,,1292
04/29,17,cȂ,4,Í,1119
04/29,17,cȂ,5,՗t,810
04/29,17,cȂ,6,C,780
04/29,17,cȂ,7,ޏ,771
04/29,17,cȂ,8,Sq,580
04/29,17,cȂ,9,Ǔ,532
04/29,17,cȂ,10,,481
04/29,18,cȂ,1,b,39586
04/29,18,cȂ,2,ގq,38685
04/29,18,cȂ,3,,1299
04/29,18,cȂ,4,Í,1119
04/29,18,cȂ,5,՗t,810
04/29,18,cȂ,6,C,780
04/29,18,cȂ,7,ޏ,771
04/29,18,cȂ,8,Sq,583
04/29,18,cȂ,9,Ǔ,532
04/29,18,cȂ,10,,481
04/29,19,cȂ,1,b,39672
04/29,19,cȂ,2,ގq,38764
04/29,19,cȂ,3,,1302
04/29,19,cȂ,4,Í,1119
04/29,19,cȂ,5,՗t,810
04/29,19,cȂ,6,C,780
04/29,19,cȂ,7,ޏ,771
04/29,19,cȂ,8,Sq,583
04/29,19,cȂ,9,Ǔ,537
04/29,19,cȂ,10,,481
04/29,20,cȂ,1,b,39793
04/29,20,cȂ,2,ގq,39112
04/29,20,cȂ,3,,1302
04/29,20,cȂ,4,Í,1131
04/29,20,cȂ,5,՗t,810
04/29,20,cȂ,6,C,781
04/29,20,cȂ,7,ޏ,771
04/29,20,cȂ,8,Sq,589
04/29,20,cȂ,9,Ǔ,537
04/29,20,cȂ,10,,484
04/29,21,cȂ,1,b,39943
04/29,21,cȂ,2,ގq,39281
04/29,21,cȂ,3,,1304
04/29,21,cȂ,4,Í,1133
04/29,21,cȂ,5,՗t,810
04/29,21,cȂ,6,C,782
04/29,21,cȂ,7,ޏ,771
04/29,21,cȂ,8,Sq,594
04/29,21,cȂ,9,Ǔ,538
04/29,21,cȂ,10,,487
04/29,22,cȂ,1,b,40171
04/29,22,cȂ,2,ގq,39426
04/29,22,cȂ,3,,1305
04/29,22,cȂ,4,Í,1135
04/29,22,cȂ,5,՗t,810
04/29,22,cȂ,6,C,782
04/29,22,cȂ,7,ޏ,771
04/29,22,cȂ,8,Sq,599
04/29,22,cȂ,9,Ǔ,538
04/29,22,cȂ,10,,489
04/29,23,cȂ,1,b,40263
04/29,23,cȂ,2,ގq,39650
04/29,23,cȂ,3,,1305
04/29,23,cȂ,4,Í,1141
04/29,23,cȂ,5,՗t,810
04/29,23,cȂ,6,C,782
04/29,23,cȂ,7,ޏ,771
04/29,23,cȂ,8,Sq,601
04/29,23,cȂ,9,Ǔ,538
04/29,23,cȂ,10,,497
04/30,0,cȂ,1,b,40341
04/30,0,cȂ,2,ގq,39752
04/30,0,cȂ,3,,1353
04/30,0,cȂ,4,Í,1143
04/30,0,cȂ,5,՗t,813
04/30,0,cȂ,6,C,783
04/30,0,cȂ,7,ޏ,771
04/30,0,cȂ,8,Sq,602
04/30,0,cȂ,9,Ǔ,539
04/30,0,cȂ,10,,498
04/30,1,cȂ,1,b,41071
04/30,1,cȂ,2,ގq,40618
04/30,1,cȂ,3,,1368
04/30,1,cȂ,4,Í,1155
04/30,1,cȂ,5,՗t,816
04/30,1,cȂ,6,C,791
04/30,1,cȂ,7,ޏ,776
04/30,1,cȂ,8,Sq,603
04/30,1,cȂ,9,Ǔ,543
04/30,1,cȂ,10,,499
04/30,2,cȂ,1,b,41253
04/30,2,cȂ,2,ގq,40940
04/30,2,cȂ,3,,1368
04/30,2,cȂ,4,Í,1173
04/30,2,cȂ,5,՗t,874
04/30,2,cȂ,6,C,805
04/30,2,cȂ,7,ޏ,776
04/30,2,cȂ,8,Sq,604
04/30,2,cȂ,9,Ǔ,544
04/30,2,cȂ,10,,499
04/30,3,cȂ,1,b,41434
04/30,3,cȂ,2,ގq,41259
04/30,3,cȂ,3,,1369
04/30,3,cȂ,4,Í,1175
04/30,3,cȂ,5,՗t,875
04/30,3,cȂ,6,C,805
04/30,3,cȂ,7,ޏ,777
04/30,3,cȂ,8,Sq,605
04/30,3,cȂ,9,Ǔ,544
04/30,3,cȂ,10,,499
04/30,4,cȂ,1,ގq,41633
04/30,4,cȂ,2,b,41574
04/30,4,cȂ,3,,1379
04/30,4,cȂ,4,Í,1175
04/30,4,cȂ,5,՗t,875
04/30,4,cȂ,6,C,805
04/30,4,cȂ,7,ޏ,780
04/30,4,cȂ,8,Sq,605
04/30,4,cȂ,9,Ǔ,544
04/30,4,cȂ,10,,499
04/30,5,cȂ,1,b,41788
04/30,5,cȂ,2,ގq,41666
04/30,5,cȂ,3,,1379
04/30,5,cȂ,4,Í,1175
04/30,5,cȂ,5,՗t,876
04/30,5,cȂ,6,C,805
04/30,5,cȂ,7,ޏ,780
04/30,5,cȂ,8,Sq,605
04/30,5,cȂ,9,Ǔ,544
04/30,5,cȂ,10,,499
04/30,6,cȂ,1,b,41821
04/30,6,cȂ,2,ގq,41682
04/30,6,cȂ,3,,1379
04/30,6,cȂ,4,Í,1175
04/30,6,cȂ,5,՗t,876
04/30,6,cȂ,6,C,805
04/30,6,cȂ,7,ޏ,780
04/30,6,cȂ,8,Sq,606
04/30,6,cȂ,9,Ǔ,544
04/30,6,cȂ,10,,499
04/30,7,cȂ,1,b,41987
04/30,7,cȂ,2,ގq,41972
04/30,7,cȂ,3,,1380
04/30,7,cȂ,4,Í,1175
04/30,7,cȂ,5,՗t,876
04/30,7,cȂ,6,C,805
04/30,7,cȂ,7,ޏ,780
04/30,7,cȂ,8,Sq,606
04/30,7,cȂ,9,Ǔ,545
04/30,7,cȂ,10,,499
04/30,8,cȂ,1,b,42418
04/30,8,cȂ,2,ގq,42259
04/30,8,cȂ,3,,1381
04/30,8,cȂ,4,Í,1180
04/30,8,cȂ,5,՗t,876
04/30,8,cȂ,6,C,805
04/30,8,cȂ,7,ޏ,780
04/30,8,cȂ,8,Sq,606
04/30,8,cȂ,9,Ǔ,553
04/30,8,cȂ,10,,504
04/30,9,cȂ,1,b,42685
04/30,9,cȂ,2,ގq,42516
04/30,9,cȂ,3,,1381
04/30,9,cȂ,4,Í,1180
04/30,9,cȂ,5,՗t,877
04/30,9,cȂ,6,C,806
04/30,9,cȂ,7,ޏ,780
04/30,9,cȂ,8,Sq,606
04/30,9,cȂ,9,Ǔ,553
04/30,9,cȂ,10,,504
04/30,10,cȂ,1,b,42996
04/30,10,cȂ,2,ގq,42698
04/30,10,cȂ,3,,1381
04/30,10,cȂ,4,Í,1180
04/30,10,cȂ,5,՗t,877
04/30,10,cȂ,6,C,807
04/30,10,cȂ,7,ޏ,780
04/30,10,cȂ,8,Sq,606
04/30,10,cȂ,9,Ǔ,564
04/30,10,cȂ,10,,505
04/30,11,cȂ,1,b,43495
04/30,11,cȂ,2,ގq,42896
04/30,11,cȂ,3,,1386
04/30,11,cȂ,4,Í,1182
04/30,11,cȂ,5,՗t,878
04/30,11,cȂ,6,C,810
04/30,11,cȂ,7,ޏ,780
04/30,11,cȂ,8,Sq,607
04/30,11,cȂ,9,Ǔ,565
04/30,11,cȂ,10,,505
04/30,12,cȂ,1,b,43679
04/30,12,cȂ,2,ގq,42941
04/30,12,cȂ,3,,1386
04/30,12,cȂ,4,Í,1182
04/30,12,cȂ,5,՗t,878
04/30,12,cȂ,6,C,810
04/30,12,cȂ,7,ޏ,780
04/30,12,cȂ,8,Sq,608
04/30,12,cȂ,9,Ǔ,565
04/30,12,cȂ,10,,505
04/30,13,cȂ,1,b,44048
04/30,13,cȂ,2,ގq,43098
04/30,13,cȂ,3,,1387
04/30,13,cȂ,4,Í,1185
04/30,13,cȂ,5,՗t,880
04/30,13,cȂ,6,C,813
04/30,13,cȂ,7,ޏ,780
04/30,13,cȂ,8,Sq,608
04/30,13,cȂ,9,Ǔ,577
04/30,13,cȂ,10,,505
04/30,14,cȂ,1,b,44145
04/30,14,cȂ,2,ގq,43236
04/30,14,cȂ,3,,1387
04/30,14,cȂ,4,Í,1185
04/30,14,cȂ,5,՗t,880
04/30,14,cȂ,6,C,813
04/30,14,cȂ,7,ޏ,780
04/30,14,cȂ,8,Sq,608
04/30,14,cȂ,9,Ǔ,577
04/30,14,cȂ,10,,505
04/30,15,cȂ,1,b,44451
04/30,15,cȂ,2,ގq,43319
04/30,15,cȂ,3,,1410
04/30,15,cȂ,4,Í,1185
04/30,15,cȂ,5,՗t,880
04/30,15,cȂ,6,C,813
04/30,15,cȂ,7,ޏ,782
04/30,15,cȂ,8,Sq,608
04/30,15,cȂ,9,Ǔ,577
04/30,15,cȂ,10,,505
04/30,16,cȂ,1,b,44625
04/30,16,cȂ,2,ގq,43563
04/30,16,cȂ,3,,1411
04/30,16,cȂ,4,Í,1187
04/30,16,cȂ,5,՗t,885
04/30,16,cȂ,6,C,814
04/30,16,cȂ,7,ޏ,784
04/30,16,cȂ,8,Sq,608
04/30,16,cȂ,9,Ǔ,577
04/30,16,cȂ,10,,505
04/30,17,cȂ,1,b,44796
04/30,17,cȂ,2,ގq,43871
04/30,17,cȂ,3,,1412
04/30,17,cȂ,4,Í,1187
04/30,17,cȂ,5,՗t,900
04/30,17,cȂ,6,C,814
04/30,17,cȂ,7,ޏ,786
04/30,17,cȂ,8,Sq,608
04/30,17,cȂ,9,Ǔ,584
04/30,17,cȂ,10,,505
04/30,18,cȂ,1,b,45128
04/30,18,cȂ,2,ގq,44106
04/30,18,cȂ,3,,1412
04/30,18,cȂ,4,Í,1195
04/30,18,cȂ,5,՗t,900
04/30,18,cȂ,6,C,814
04/30,18,cȂ,7,ޏ,786
04/30,18,cȂ,8,Sq,609
04/30,18,cȂ,9,Ǔ,584
04/30,18,cȂ,10,,505
04/30,19,cȂ,1,b,45331
04/30,19,cȂ,2,ގq,44352
04/30,19,cȂ,3,,1418
04/30,19,cȂ,4,Í,1196
04/30,19,cȂ,5,՗t,901
04/30,19,cȂ,6,C,814
04/30,19,cȂ,7,ޏ,789
04/30,19,cȂ,8,Sq,609
04/30,19,cȂ,9,Ǔ,584
04/30,19,cȂ,10,,505
04/30,20,cȂ,1,b,45472
04/30,20,cȂ,2,ގq,44440
04/30,20,cȂ,3,,1420
04/30,20,cȂ,4,Í,1197
04/30,20,cȂ,5,՗t,940
04/30,20,cȂ,6,C,856
04/30,20,cȂ,7,ޏ,790
04/30,20,cȂ,8,Sq,609
04/30,20,cȂ,9,Ǔ,585
04/30,20,cȂ,10,,505
04/30,21,cȂ,1,b,45645
04/30,21,cȂ,2,ގq,44682
04/30,21,cȂ,3,,1425
04/30,21,cȂ,4,Í,1206
04/30,21,cȂ,5,՗t,947
04/30,21,cȂ,6,C,866
04/30,21,cȂ,7,ޏ,792
04/30,21,cȂ,8,Sq,619
04/30,21,cȂ,9,Ǔ,587
04/30,21,cȂ,10,,512
04/30,22,cȂ,1,b,45774
04/30,22,cȂ,2,ގq,45118
04/30,22,cȂ,3,,1426
04/30,22,cȂ,4,Í,1219
04/30,22,cȂ,5,՗t,947
04/30,22,cȂ,6,C,867
04/30,22,cȂ,7,ޏ,818
04/30,22,cȂ,8,Sq,620
04/30,22,cȂ,9,Ǔ,591
04/30,22,cȂ,10,,512
04/30,23,cȂ,1,b,45985
04/30,23,cȂ,2,ގq,45520
04/30,23,cȂ,3,,1437
04/30,23,cȂ,4,Í,1223
04/30,23,cȂ,5,՗t,948
04/30,23,cȂ,6,ޏ,921
04/30,23,cȂ,7,C,868
04/30,23,cȂ,8,Ǔ,649
04/30,23,cȂ,9,Sq,621
04/30,23,cȂ,10,,513
05/01,0,cȂ,1,b,46355
05/01,0,cȂ,2,ގq,45907
05/01,0,cȂ,3,,1438
05/01,0,cȂ,4,Í,1232
05/01,0,cȂ,5,՗t,964
05/01,0,cȂ,6,ޏ,949
05/01,0,cȂ,7,C,885
05/01,0,cȂ,8,Ǔ,651
05/01,0,cȂ,9,Sq,624
05/01,0,cȂ,10,,516
05/01,1,cȂ,1,b,48394
05/01,1,cȂ,2,ގq,47647
05/01,1,cȂ,3,,1441
05/01,1,cȂ,4,Í,1257
05/01,1,cȂ,5,՗t,972
05/01,1,cȂ,6,ޏ,949
05/01,1,cȂ,7,C,896
05/01,1,cȂ,8,Ǔ,665
05/01,1,cȂ,9,Sq,624
05/01,1,cȂ,10,,526
05/01,2,cȂ,1,b,49515
05/01,2,cȂ,2,ގq,48513
05/01,2,cȂ,3,,1447
05/01,2,cȂ,4,Í,1260
05/01,2,cȂ,5,՗t,982
05/01,2,cȂ,6,ޏ,950
05/01,2,cȂ,7,C,897
05/01,2,cȂ,8,Ǔ,670
05/01,2,cȂ,9,Sq,624
05/01,2,cȂ,10,,536
05/01,3,cȂ,1,b,49851
05/01,3,cȂ,2,ގq,49368
05/01,3,cȂ,3,,1447
05/01,3,cȂ,4,Í,1285
05/01,3,cȂ,5,՗t,982
05/01,3,cȂ,6,ޏ,950
05/01,3,cȂ,7,C,898
05/01,3,cȂ,8,Ǔ,671
05/01,3,cȂ,9,Sq,624
05/01,3,cȂ,10,,536
05/01,4,cȂ,1,b,50288
05/01,4,cȂ,2,ގq,49764
05/01,4,cȂ,3,,1447
05/01,4,cȂ,4,Í,1290
05/01,4,cȂ,5,՗t,982
05/01,4,cȂ,6,ޏ,950
05/01,4,cȂ,7,C,907
05/01,4,cȂ,8,Ǔ,671
05/01,4,cȂ,9,Sq,624
05/01,4,cȂ,10,,536
05/01,5,cȂ,1,b,50548
05/01,5,cȂ,2,ގq,49886
05/01,5,cȂ,3,,1448
05/01,5,cȂ,4,Í,1290
05/01,5,cȂ,5,՗t,983
05/01,5,cȂ,6,ޏ,950
05/01,5,cȂ,7,C,907
05/01,5,cȂ,8,Ǔ,671
05/01,5,cȂ,9,Sq,624
05/01,5,cȂ,10,,536
05/01,6,cȂ,1,b,50685
05/01,6,cȂ,2,ގq,50387
05/01,6,cȂ,3,,1448
05/01,6,cȂ,4,Í,1290
05/01,6,cȂ,5,՗t,984
05/01,6,cȂ,6,ޏ,951
05/01,6,cȂ,7,C,907
05/01,6,cȂ,8,Ǔ,671
05/01,6,cȂ,9,Sq,630
05/01,6,cȂ,10,,536
05/01,7,cȂ,1,b,51011
05/01,7,cȂ,2,ގq,50646
05/01,7,cȂ,3,,1448
05/01,7,cȂ,4,Í,1292
05/01,7,cȂ,5,՗t,985
05/01,7,cȂ,6,ޏ,951
05/01,7,cȂ,7,C,907
05/01,7,cȂ,8,Ǔ,678
05/01,7,cȂ,9,Sq,631
05/01,7,cȂ,10,,537
05/01,8,cȂ,1,b,51453
05/01,8,cȂ,2,ގq,50926
05/01,8,cȂ,3,,1452
05/01,8,cȂ,4,Í,1292
05/01,8,cȂ,5,՗t,1012
05/01,8,cȂ,6,ޏ,952
05/01,8,cȂ,7,C,909
05/01,8,cȂ,8,Ǔ,678
05/01,8,cȂ,9,Sq,636
05/01,8,cȂ,10,,537
05/01,9,cȂ,1,b,52133
05/01,9,cȂ,2,ގq,51275
05/01,9,cȂ,3,,1456
05/01,9,cȂ,4,Í,1297
05/01,9,cȂ,5,՗t,1018
05/01,9,cȂ,6,ޏ,957
05/01,9,cȂ,7,C,910
05/01,9,cȂ,8,Ǔ,678
05/01,9,cȂ,9,Sq,647
05/01,9,cȂ,10,,537
05/01,10,cȂ,1,b,52814
05/01,10,cȂ,2,ގq,51481
05/01,10,cȂ,3,,1458
05/01,10,cȂ,4,Í,1305
05/01,10,cȂ,5,՗t,1021
05/01,10,cȂ,6,ޏ,958
05/01,10,cȂ,7,C,915
05/01,10,cȂ,8,Ǔ,678
05/01,10,cȂ,9,Sq,647
05/01,10,cȂ,10,,548
05/01,11,cȂ,1,b,53286
05/01,11,cȂ,2,ގq,52191
05/01,11,cȂ,3,,1462
05/01,11,cȂ,4,Í,1306
05/01,11,cȂ,5,՗t,1050
05/01,11,cȂ,6,ޏ,958
05/01,11,cȂ,7,C,915
05/01,11,cȂ,8,Ǔ,678
05/01,11,cȂ,9,Sq,647
05/01,11,cȂ,10,,560
05/01,12,cȂ,1,b,53569
05/01,12,cȂ,2,ގq,52837
05/01,12,cȂ,3,,1473
05/01,12,cȂ,4,Í,1309
05/01,12,cȂ,5,՗t,1050
05/01,12,cȂ,6,ޏ,958
05/01,12,cȂ,7,C,915
05/01,12,cȂ,8,Ǔ,679
05/01,12,cȂ,9,Sq,647
05/01,12,cȂ,10,,568
05/01,13,cȂ,1,b,54385
05/01,13,cȂ,2,ގq,53415
05/01,13,cȂ,3,,1484
05/01,13,cȂ,4,Í,1335
05/01,13,cȂ,5,՗t,1081
05/01,13,cȂ,6,ޏ,963
05/01,13,cȂ,7,C,916
05/01,13,cȂ,8,Ǔ,680
05/01,13,cȂ,9,Sq,650
05/01,13,cȂ,10,,568
05/01,14,cȂ,1,b,54745
05/01,14,cȂ,2,ގq,53897
05/01,14,cȂ,3,,1485
05/01,14,cȂ,4,Í,1336
05/01,14,cȂ,5,՗t,1083
05/01,14,cȂ,6,ޏ,964
05/01,14,cȂ,7,C,926
05/01,14,cȂ,8,Ǔ,680
05/01,14,cȂ,9,Sq,650
05/01,14,cȂ,10,,569
05/01,15,cȂ,1,b,55431
05/01,15,cȂ,2,ގq,54240
05/01,15,cȂ,3,,1485
05/01,15,cȂ,4,Í,1355
05/01,15,cȂ,5,՗t,1083
05/01,15,cȂ,6,ޏ,964
05/01,15,cȂ,7,C,926
05/01,15,cȂ,8,Ǔ,680
05/01,15,cȂ,9,Sq,654
05/01,15,cȂ,10,,569
05/01,16,cȂ,1,b,55860
05/01,16,cȂ,2,ގq,54639
05/01,16,cȂ,3,,1488
05/01,16,cȂ,4,Í,1359
05/01,16,cȂ,5,՗t,1084
05/01,16,cȂ,6,ޏ,984
05/01,16,cȂ,7,C,941
05/01,16,cȂ,8,Ǔ,680
05/01,16,cȂ,9,Sq,655
05/01,16,cȂ,10,,569
05/01,17,cȂ,1,b,56553
05/01,17,cȂ,2,ގq,55342
05/01,17,cȂ,3,,1488
05/01,17,cȂ,4,Í,1361
05/01,17,cȂ,5,՗t,1085
05/01,17,cȂ,6,ޏ,984
05/01,17,cȂ,7,C,941
05/01,17,cȂ,8,Ǔ,685
05/01,17,cȂ,9,Sq,657
05/01,17,cȂ,10,,569
05/01,18,cȂ,1,b,57015
05/01,18,cȂ,2,ގq,56391
05/01,18,cȂ,3,,1488
05/01,18,cȂ,4,Í,1367
05/01,18,cȂ,5,՗t,1085
05/01,18,cȂ,6,ޏ,984
05/01,18,cȂ,7,C,944
05/01,18,cȂ,8,Ǔ,685
05/01,18,cȂ,9,Sq,657
05/01,18,cȂ,10,,569
05/01,19,cȂ,1,b,57866
05/01,19,cȂ,2,ގq,56898
05/01,19,cȂ,3,,1500
05/01,19,cȂ,4,Í,1370
05/01,19,cȂ,5,՗t,1096
05/01,19,cȂ,6,ޏ,994
05/01,19,cȂ,7,C,964
05/01,19,cȂ,8,Ǔ,687
05/01,19,cȂ,9,Sq,663
05/01,19,cȂ,10,,569
05/01,20,cȂ,1,b,58947
05/01,20,cȂ,2,ގq,57756
05/01,20,cȂ,3,,1503
05/01,20,cȂ,4,Í,1373
05/01,20,cȂ,5,՗t,1098
05/01,20,cȂ,6,ޏ,995
05/01,20,cȂ,7,C,970
05/01,20,cȂ,8,Ǔ,689
05/01,20,cȂ,9,Sq,663
05/01,20,cȂ,10,,569
05/01,21,cȂ,1,b,60106
05/01,21,cȂ,2,ގq,59031
05/01,21,cȂ,3,,1506
05/01,21,cȂ,4,Í,1390
05/01,21,cȂ,5,՗t,1106
05/01,21,cȂ,6,ޏ,1001
05/01,21,cȂ,7,C,972
05/01,21,cȂ,8,Ǔ,690
05/01,21,cȂ,9,Sq,663
05/01,21,cȂ,10,,573
05/01,22,cȂ,1,b,61333
05/01,22,cȂ,2,ގq,60130
05/01,22,cȂ,3,,1507
05/01,22,cȂ,4,Í,1393
05/01,22,cȂ,5,՗t,1132
05/01,22,cȂ,6,ޏ,1001
05/01,22,cȂ,7,C,987
05/01,22,cȂ,8,Ǔ,691
05/01,22,cȂ,9,Sq,663
05/01,22,cȂ,10,,573
05/01,23,cȂ,1,b,62702
05/01,23,cȂ,2,ގq,61678
05/01,23,cȂ,3,,1510
05/01,23,cȂ,4,Í,1451
05/01,23,cȂ,5,՗t,1134
05/01,23,cȂ,6,ޏ,1002
05/01,23,cȂ,7,C,990
05/01,23,cȂ,8,Ǔ,696
05/01,23,cȂ,9,Sq,684
05/01,23,cȂ,10,,573
05/02,0,cȂ,1,b,64598
05/02,0,cȂ,2,ގq,64489
05/02,0,cȂ,3,,1523
05/02,0,cȂ,4,Í,1457
05/02,0,cȂ,5,՗t,1166
05/02,0,cȂ,6,ޏ,1006
05/02,0,cȂ,7,C,992
05/02,0,cȂ,8,Ǔ,700
05/02,0,cȂ,9,Sq,690
05/02,0,cȂ,10,,574
05/02,1,cȂ,1,b,67181
05/02,1,cȂ,2,ގq,66648
05/02,1,cȂ,3,,1534
05/02,1,cȂ,4,Í,1511
05/02,1,cȂ,5,՗t,1176
05/02,1,cȂ,6,C,1096
05/02,1,cȂ,7,ޏ,1007
05/02,1,cȂ,8,Ǔ,704
05/02,1,cȂ,9,Sq,700
05/02,1,cȂ,10,,579
05/02,2,cȂ,1,ގq,68590
05/02,2,cȂ,2,b,68547
05/02,2,cȂ,3,Í,1642
05/02,2,cȂ,4,,1541
05/02,2,cȂ,5,՗t,1179
05/02,2,cȂ,6,C,1099
05/02,2,cȂ,7,ޏ,1008
05/02,2,cȂ,8,Ǔ,708
05/02,2,cȂ,9,Sq,704
05/02,2,cȂ,10,,590
05/02,3,cȂ,1,b,70215
05/02,3,cȂ,2,ގq,70011
05/02,3,cȂ,3,Í,1655
05/02,3,cȂ,4,,1543
05/02,3,cȂ,5,՗t,1180
05/02,3,cȂ,6,C,1109
05/02,3,cȂ,7,ޏ,1010
05/02,3,cȂ,8,Ǔ,709
05/02,3,cȂ,9,Sq,706
05/02,3,cȂ,10,,590
05/02,4,cȂ,1,b,71763
05/02,4,cȂ,2,ގq,71104
05/02,4,cȂ,3,Í,1662
05/02,4,cȂ,4,,1546
05/02,4,cȂ,5,՗t,1182
05/02,4,cȂ,6,C,1110
05/02,4,cȂ,7,ޏ,1011
05/02,4,cȂ,8,Ǔ,709
05/02,4,cȂ,9,Sq,707
05/02,4,cȂ,10,,592
05/02,5,cȂ,1,b,73160
05/02,5,cȂ,2,ގq,72879
05/02,5,cȂ,3,Í,1671
05/02,5,cȂ,4,,1547
05/02,5,cȂ,5,՗t,1182
05/02,5,cȂ,6,C,1111
05/02,5,cȂ,7,ޏ,1011
05/02,5,cȂ,8,Ǔ,709
05/02,5,cȂ,9,Sq,707
05/02,5,cȂ,10,,592
05/02,6,cȂ,1,b,74018
05/02,6,cȂ,2,ގq,73537
05/02,6,cȂ,3,Í,1672
05/02,6,cȂ,4,,1547
05/02,6,cȂ,5,՗t,1182
05/02,6,cȂ,6,C,1111
05/02,6,cȂ,7,ޏ,1011
05/02,6,cȂ,8,Ǔ,710
05/02,6,cȂ,9,Sq,707
05/02,6,cȂ,10,,592
05/02,7,cȂ,1,ގq,75322
05/02,7,cȂ,2,b,75273
05/02,7,cȂ,3,Í,1673
05/02,7,cȂ,4,,1645
05/02,7,cȂ,5,՗t,1182
05/02,7,cȂ,6,C,1111
05/02,7,cȂ,7,ޏ,1011
05/02,7,cȂ,8,Ǔ,714
05/02,7,cȂ,9,Sq,712
05/02,7,cȂ,10,,594
05/02,8,cȂ,1,ގq,77969
05/02,8,cȂ,2,b,77749
05/02,8,cȂ,3,,1691
05/02,8,cȂ,4,Í,1678
05/02,8,cȂ,5,՗t,1182
05/02,8,cȂ,6,C,1125
05/02,8,cȂ,7,ޏ,1012
05/02,8,cȂ,8,Ǔ,725
05/02,8,cȂ,9,Sq,713
05/02,8,cȂ,10,,598
05/02,9,cȂ,1,ގq,81748
05/02,9,cȂ,2,b,81518
05/02,9,cȂ,3,,1709
05/02,9,cȂ,4,Í,1685
05/02,9,cȂ,5,՗t,1183
05/02,9,cȂ,6,C,1126
05/02,9,cȂ,7,ޏ,1012
05/02,9,cȂ,8,Ǔ,736
05/02,9,cȂ,9,Sq,720
05/02,9,cȂ,10,,598
